,X1.T1,X1.T1.T1,ID,include ,Animal.T1,Artifact.T1,Object.T1,Plant.T1,Biology.T1,Physics.T1,Psychology.T1,INT.T1,MCI.T1,Desknumber.T1,language,age,sex,race,AC_1,AC_2,AC_3,AC_4,AC,Version.T1,Condition.T1,Order.T1,1_Test blockV1_INT.T1,2_Test blockV1_INT.T1,3_Test blockV1_INT.T1,4_Test blockV1_MCI.T1,5_Test blockV1_MCI.T1,6_Test blockV1_MCI.T1,7_Test blockV1_INT.T1,8_Test blockV1_INT.T1,9_Test blockV1_INT.T1,10_Test blockV1_MCI.T1,11_Test blockV1_MCI.T1,12_Test blockV1_MCI.T1,13_Test blockV1_INT.T1,14_Test blockV1_INT.T1,15_Test blockV1_INT.T1,16_Test blockV1_MCI.T1,17_Test blockV1_MCI.T1,18_Test blockV1_MCI.T1,19_Test blockV1_INT.T1,20_Test blockV1_INT.T1,21_Test blockV1_INT.T1,22_Test blockV1_MCI.T1,23_Test blockV1_MCI.T1,24_Test blockV1_MCI.T1,Breach.T1,Transfer.T1,X1.T2,Animal.T2,Artifact.T2,Object.T2,Plant.T2,Biology.T2,Physics.T2,Psychology.T2,INT.T2,MCI.T2,Version.T2,Desknumber.T2,Age.T1,Sex.T1,Race.T1,Version_1,Condition.T2,Order.T2,1_Test blockV1_INT.T2,2_Test blockV1_INT.T2,3_Test blockV1_INT.T2,4_Test blockV1_MCI.T2,5_Test blockV1_MCI.T2,6_Test blockV1_MCI.T2,7_Test blockV1_INT.T2,8_Test blockV1_INT.T2,9_Test blockV1_INT.T2,10_Test blockV1_MCI.T2,11_Test blockV1_MCI.T2,12_Test blockV1_MCI.T2,13_Test blockV1_INT.T2,14_Test blockV1_INT.T2,15_Test blockV1_INT.T2,16_Test blockV1_MCI.T2,17_Test blockV1_MCI.T2,18_Test blockV1_MCI.T2,19_Test blockV1_INT.T2,20_Test blockV1_INT.T2,21_Test blockV1_INT.T2,22_Test blockV1_MCI.T2,23_Test blockV1_MCI.T2,24_Test blockV1_MCI.T2,Breach.T2,Transfer.T2,X1.T2.T2,Animal,Artifact,Object,Plant,Biology,Physics,Psychology,INT,MCI,Version,Desknumber,Age.T2,Sex.T2,Race.T2,Condition,Order,1_Test blockV1_INT,2_Test blockV1_INT,3_Test blockV1_INT,4_Test blockV1_MCI,5_Test blockV1_MCI,6_Test blockV1_MCI,7_Test blockV1_INT,8_Test blockV1_INT,9_Test blockV1_INT,10_Test blockV1_MCI,11_Test blockV1_MCI,12_Test blockV1_MCI,13_Test blockV1_INT,14_Test blockV1_INT,15_Test blockV1_INT,16_Test blockV1_MCI,17_Test blockV1_MCI,18_Test blockV1_MCI,19_Test blockV1_INT,20_Test blockV1_INT,21_Test blockV1_INT,22_Test blockV1_MCI,23_Test blockV1_MCI,24_Test blockV1_MCI,Breach,Transfer
1,1,1,12,1,0.666666667,0.666666667,0.333333333,0.666666667,0.666666667,0.75,0.4,0.166666667,0.583333333,6,1,18,2,2,1,2,3,4,1,2,2,4,2,1,1,2,3,3,2,2,2,3,3,1,2,3,2,4,4,4,2,1,3,2,1,3,0.666666667,0.5,1,0.333333333,0.333333333,0.333333333,0.666666667,0.333333333,0.75,0.2,0.416666667,0.416666667,8,6,18,2,2,2,2,4,1,4,1,3,3,2,2,3,3,2,1,1,3,2,4,4,4,4,1,1,3,2,1,2,0.5,0.333333333,1,0.333333333,1,0.333333333,0.666666667,0.666666667,0.75,0.4,0.416666667,0.583333333,8,6,18,2,2,2,4,4,2,1,3,2,2,3,2,2,2,3,2,4,3,3,4,4,4,1,1,4,4,1,3,0.5,0.666666667
2,2,2,55,1,1,1,1,0.666666667,0.666666667,1,1,0.583333333,0.916666667,8,1,18,2,1,1,4,3,2,1,2,1,4,2,2,2,2,2,2,1,3,3,3,3,3,1,1,4,3,4,4,3,1,4,1,1,1,1,0.833333333,2,1,0.666666667,1,0.333333333,0.666666667,0.5,1,0.333333333,0.75,4,8,18,2,1,2,1,4,2,1,2,2,2,2,1,2,2,4,3,3,1,1,4,1,4,2,3,1,2,1,1,1,0.666666667,0.833333333,2,1,0.666666667,1,0.333333333,0.666666667,0.5,1,0.333333333,0.75,4,8,18,2,1,1,4,2,1,1,2,2,2,2,2,3,4,3,3,1,1,4,1,4,3,3,1,4,1,1,1,0.666666667,0.833333333
3,3,3,134,0,1,1,1,1,1,1,1,0.916666667,1,2,1,19,2,2,2,3,4,1,1,2,2,3,3,3,3,3,3,3,4,4,3,4,4,4,1,1,1,1,1,1,2,2,2,2,2,2,1,1,NA,NA,NA,NA,NA,NA,NA,NA,NA,NA,NA,NA,NA,NA,NA,NA,NA,NA,NA,NA,NA,NA,NA,NA,NA,NA,NA,NA,NA,NA,NA,NA,NA,NA,NA,NA,NA,NA,NA,NA,NA,NA,NA,NA,3,0,0.333333333,0.666666667,0.333333333,0,0.25,0.6,0.333333333,0.333333333,7,7,19,2,2,2,3,1,1,3,2,2,3,2,1,1,1,4,4,3,2,3,3,4,3,2,2,2,3,2,4,0.166666667,0.5
4,4,4,154,1,0.666666667,0,0.666666667,0.666666667,0.333333333,0.5,0.6,0.5,0.5,5,1,18,2,2,4,1,2,3,1,1,2,1,2,3,2,2,2,1,1,1,1,1,1,1,3,3,3,3,3,2,4,4,4,4,4,4,0.5,0.5,3,0.666666667,0,0.333333333,0.666666667,0.333333333,0.5,0.4,0.333333333,0.416666667,5,5,18,2,2,1,2,1,2,3,2,2,2,1,1,3,2,1,1,1,4,3,1,3,3,2,4,4,2,1,4,4,0.5,0.333333333,4,0.666666667,0.666666667,0.666666667,0.666666667,0.666666667,0.75,0.6,0.25,0.666666667,5,5,18,2,2,2,1,2,4,2,4,1,1,1,3,1,1,1,1,4,3,4,3,3,3,4,4,2,4,4,4,0.666666667,0.666666667
5,5,5,293,1,0.666666667,0,0,0.333333333,0.333333333,0.5,0,0.333333333,0.25,5,1,18,2,2,1,4,3,2,1,2,1,4,2,4,2,2,4,3,4,1,3,3,1,4,1,3,2,3,4,1,2,1,2,4,3,4,0.5,0,4,0.333333333,0.333333333,0,0.333333333,0.333333333,0.25,0.2,0.25,0.25,4,5,18,2,2,2,1,4,2,3,3,1,2,3,4,4,3,3,2,4,4,1,2,2,3,1,3,2,4,4,3,1,0.333333333,0.166666667,5,0.333333333,0.333333333,0,0,0,0,0.4,0.333333333,0.166666667,4,5,18,2,2,1,4,2,1,2,3,1,1,3,4,4,4,3,2,2,4,3,3,2,3,4,2,4,4,4,1,0.166666667,0.166666667
6,6,6,342,1,0.333333333,0.333333333,0.333333333,0.333333333,0.333333333,0.5,0.2,0.5,0.333333333,5,1,19,2,7,3,2,1,4,1,1,1,2,1,1,1,3,1,1,3,1,4,4,3,3,2,2,2,2,2,2,3,3,1,4,3,1,0.333333333,0.333333333,5,0.333333333,0.333333333,0,0,0,0.5,0,0.416666667,0.166666667,2,5,19,2,7,1,1,2,1,4,4,1,1,1,3,3,1,4,3,3,2,2,1,4,2,2,4,2,2,4,4,4,0.333333333,0,NA,NA,NA,NA,NA,NA,NA,NA,NA,NA,NA,NA,NA,NA,NA,NA,NA,NA,NA,NA,NA,NA,NA,NA,NA,NA,NA,NA,NA,NA,NA,NA,NA,NA,NA,NA,NA,NA,NA,NA,NA,NA,NA
7,7,7,470,1,1,1,0.666666667,0.666666667,1,0.75,0.8,0.75,0.833333333,3,1,18,2,1,4,3,2,1,1,2,1,3,3,2,3,3,3,2,2,4,4,4,4,4,1,4,1,1,1,1,2,2,2,4,2,2,0.833333333,0.833333333,6,1,1,0.666666667,0.666666667,1,0.75,0.8,0.583333333,0.833333333,3,3,18,2,1,2,1,3,3,3,3,3,3,1,2,4,3,4,4,2,4,1,1,1,1,1,4,4,2,2,2,2,0.833333333,0.833333333,6,0.666666667,1,0.333333333,0,0.666666667,0.5,0.4,0.5,0.5,3,3,18,2,1,1,3,3,2,3,3,3,2,2,4,1,2,4,4,2,4,1,4,1,1,2,1,2,3,4,4,0.5,0.5
8,8,8,519,1,1,0.333333333,0.333333333,0.666666667,0.333333333,1,0.4,0.333333333,0.583333333,9,1,18,1,1,3,1,2,3,0.75,1,2,1,1,1,2,1,2,1,1,1,3,2,4,1,2,4,3,2,3,3,3,2,4,2,4,4,1,0.166666667,NA,NA,NA,NA,NA,NA,NA,NA,NA,NA,NA,NA,NA,NA,NA,NA,NA,NA,NA,NA,NA,NA,NA,NA,NA,NA,NA,NA,NA,NA,NA,NA,NA,NA,NA,NA,NA,NA,NA,NA,NA,NA,NA,NA,NA,NA,NA,NA,NA,NA,NA,NA,NA,NA,NA,NA,NA,NA,NA,NA,NA,NA,NA,NA,NA,NA,NA,NA,NA,NA,NA,NA,NA,NA,NA,NA,NA,NA,NA,NA,NA,NA,NA,NA,NA,NA,NA
9,9,9,567,1,0,0,0,0.333333333,0.333333333,0,0,0.416666667,0.083333333,3,1,20,1,2,1,4,3,2,1,2,1,4,3,4,3,1,1,4,1,3,3,2,2,2,1,4,4,4,2,1,3,3,1,3,2,3,0,0.166666667,7,0.333333333,0.333333333,0.333333333,0,0,0.25,0.4,0.333333333,0.25,4,3,20,1,2,2,1,4,1,4,2,1,3,4,2,3,1,2,3,3,4,3,2,2,4,1,2,2,1,3,2,3,0.166666667,0.333333333,7,0,0,0,0,0,0,0,0.166666667,0,4,3,20,1,2,1,4,1,4,2,1,1,4,2,2,1,2,1,2,3,2,4,2,1,1,3,3,3,4,2,2,0,0
10,10,10,643,1,0.333333333,1,0.333333333,1,0.666666667,1,0.4,0.75,0.666666667,6,1,18,1,2,4,2,3,4,0.75,2,2,4,2,1,1,1,2,2,3,3,3,3,3,3,2,4,4,4,4,4,1,1,1,2,2,2,0.666666667,0.666666667,8,0,0.666666667,0.333333333,0,0,0.25,0.4,0.166666667,0.25,6,6,18,1,2,1,2,4,1,4,1,1,1,4,3,3,2,1,3,3,3,3,2,2,2,4,2,4,4,3,2,3,0.166666667,0.333333333,NA,NA,NA,NA,NA,NA,NA,NA,NA,NA,NA,NA,NA,NA,NA,NA,NA,NA,NA,NA,NA,NA,NA,NA,NA,NA,NA,NA,NA,NA,NA,NA,NA,NA,NA,NA,NA,NA,NA,NA,NA,NA,NA
11,11,11,745,1,0.666666667,0.666666667,0.666666667,0.333333333,0.666666667,0.25,0.8,0.416666667,0.583333333,6,1,18,2,3,2,3,4,1,1,2,2,3,3,1,1,3,3,4,4,4,4,4,4,3,3,4,4,3,3,4,1,2,3,2,2,2,0.5,0.666666667,NA,NA,NA,NA,NA,NA,NA,NA,NA,NA,NA,NA,NA,NA,NA,NA,NA,NA,NA,NA,NA,NA,NA,NA,NA,NA,NA,NA,NA,NA,NA,NA,NA,NA,NA,NA,NA,NA,NA,NA,NA,NA,NA,NA,NA,NA,NA,NA,NA,NA,NA,NA,NA,NA,NA,NA,NA,NA,NA,NA,NA,NA,NA,NA,NA,NA,NA,NA,NA,NA,NA,NA,NA,NA,NA,NA,NA,NA,NA,NA,NA,NA,NA,NA,NA,NA,NA
12,12,12,756,1,0.333333333,0.333333333,0.333333333,0.333333333,0,0.5,0.4,0.666666667,0.333333333,6,1,18,1,2,2,1,4,3,1,1,1,1,3,1,2,3,2,1,3,2,3,3,3,3,3,3,3,2,2,3,4,4,4,3,4,4,0.5,0.166666667,NA,NA,NA,NA,NA,NA,NA,NA,NA,NA,NA,NA,NA,NA,NA,NA,NA,NA,NA,NA,NA,NA,NA,NA,NA,NA,NA,NA,NA,NA,NA,NA,NA,NA,NA,NA,NA,NA,NA,NA,NA,NA,NA,NA,NA,NA,NA,NA,NA,NA,NA,NA,NA,NA,NA,NA,NA,NA,NA,NA,NA,NA,NA,NA,NA,NA,NA,NA,NA,NA,NA,NA,NA,NA,NA,NA,NA,NA,NA,NA,NA,NA,NA,NA,NA,NA,NA
13,13,13,816,1,0.666666667,1,0.666666667,0.666666667,1,0.5,0.8,0.666666667,0.75,2,1,18,2,7,3,4,1,2,1,1,2,2,4,1,2,4,4,1,1,1,2,1,1,4,2,2,1,2,4,2,3,3,3,3,3,3,0.666666667,0.833333333,9,0.333333333,0.666666667,1,0,0.333333333,0.25,0.8,0.666666667,0.5,6,2,18,2,7,1,2,2,4,3,2,2,4,1,1,1,2,4,2,1,1,2,2,1,4,2,3,3,3,3,3,3,0.333333333,0.666666667,8,0.666666667,1,0.666666667,0.333333333,1,0.25,0.8,0.416666667,0.666666667,6,2,18,2,7,2,2,4,3,2,4,4,1,2,1,4,4,1,4,3,2,1,2,4,2,3,3,4,3,3,3,0.5,0.833333333
14,14,14,1228,1,0.666666667,0.333333333,1,0.666666667,1,0.5,0.6,0.833333333,0.666666667,8,1,21,1,1,4,3,2,1,1,2,1,3,3,3,3,3,3,2,3,4,4,4,2,4,1,1,1,1,1,2,2,2,4,2,2,4,0.5,0.833333333,10,0.666666667,0.333333333,0.333333333,0.666666667,1,0.5,0.2,0.5,0.5,3,8,21,1,1,2,1,3,3,3,2,3,3,2,4,2,2,4,2,1,1,1,1,1,1,2,4,4,3,2,4,4,0.5,0.5,9,0.666666667,0.333333333,0.333333333,0.666666667,1,0.5,0.2,0.75,0.5,3,8,21,1,1,1,3,3,3,4,3,3,2,4,1,4,4,1,2,1,1,1,1,1,2,2,2,3,3,2,4,0.5,0.5
15,15,15,1245,1,1,1,0.666666667,1,1,1,0.8,0.916666667,0.916666667,2,1,18,2,1,1,2,3,4,1,2,2,4,2,2,1,2,2,2,3,3,3,3,3,3,4,4,4,4,4,4,1,1,1,2,1,1,1,0.833333333,11,0.666666667,1,0.666666667,1,1,1,0.6,0.75,0.833333333,8,2,18,2,1,2,2,4,2,2,1,2,2,2,3,3,2,3,3,3,4,1,4,4,4,4,1,1,1,2,1,3,0.833333333,0.833333333,10,1,1,1,1,1,1,1,0.833333333,1,8,6,18,2,1,2,4,2,2,1,2,2,2,3,3,3,3,3,3,4,1,4,4,4,4,1,1,1,1,1,1,1,1
16,16,16,1345,0,0.666666667,0.333333333,1,0.333333333,0.333333333,0.25,1,0.5,0.583333333,8,1,18,2,3,2,1,4,3,1,1,1,1,3,4,3,1,3,3,2,2,2,2,2,2,4,1,1,1,1,1,4,4,4,4,4,4,0.5,0.666666667,12,0.666666667,0.333333333,1,0.333333333,0.333333333,0.25,1,0.25,0.583333333,1,8,18,2,3,1,1,1,3,4,3,1,3,2,2,1,3,2,2,2,4,1,1,1,1,1,3,4,4,4,4,4,0.5,0.666666667,11,0.666666667,0.333333333,1,0.333333333,0.333333333,0.25,1,0.25,0.583333333,1,8,18,2,3,1,1,3,4,3,1,2,2,2,3,3,2,2,2,4,1,1,1,1,1,3,4,4,4,4,4,0.5,0.666666667
17,17,17,1467,1,0.666666667,1,1,1,1,1,0.8,0.916666667,0.916666667,7,1,18,2,1,1,4,3,2,1,2,1,4,2,1,2,2,2,2,3,3,3,3,3,3,4,4,4,4,4,4,1,1,1,1,1,3,0.833333333,1,13,1,1,1,1,1,1,1,0.666666667,1,4,7,18,2,1,2,1,4,2,1,2,2,2,2,3,1,3,3,3,3,4,4,4,4,4,4,3,1,2,1,1,1,1,1,12,1,1,1,1,1,1,1,0.75,1,4,7,18,2,1,1,4,2,1,2,2,2,2,3,3,3,3,3,3,4,4,4,4,4,4,3,1,2,1,1,1,1,1
18,18,18,1472,1,1,1,1,1,1,1,1,0.666666667,1,4,1,19,2,1,2,1,2,3,0.75,1,1,1,1,4,1,1,1,1,2,2,1,2,2,2,1,3,3,3,3,3,4,2,4,4,4,4,1,1,14,1,1,1,1,1,1,1,0.75,1,1,7,19,2,1,1,1,1,1,4,1,1,1,1,2,2,1,2,2,2,3,3,3,3,3,3,4,4,1,4,4,4,1,1,13,1,1,1,1,1,1,1,0.75,1,1,7,19,2,1,1,1,1,4,1,1,1,1,2,2,1,2,2,2,3,3,3,3,3,3,4,4,1,4,4,4,1,1
19,19,19,1474,1,1,0.333333333,0,0.333333333,0.333333333,0.75,0.2,0.333333333,0.416666667,9,1,19,2,5,4,1,2,3,1,1,2,1,1,1,1,1,3,1,2,3,3,4,3,4,4,2,2,2,3,3,1,3,1,1,3,4,0.833333333,0,15,0.333333333,0.333333333,0,0,0.333333333,0.25,0,0.333333333,0.166666667,5,9,19,2,5,1,2,1,2,3,1,1,4,2,2,3,3,4,1,3,3,1,3,4,2,3,1,2,2,1,3,2,0.333333333,0,14,0.333333333,0.333333333,0.333333333,0.333333333,0,0.5,0.4,0.083333333,0.333333333,5,9,19,2,5,2,1,4,2,1,2,3,2,3,3,3,2,2,3,4,2,1,4,3,1,1,2,3,4,3,1,0.333333333,0.333333333
20,20,20,1526,1,0.333333333,0.333333333,0.333333333,0.333333333,0.333333333,0.25,0.4,0.416666667,0.333333333,5,1,18,1,1,2,1,4,3,1,1,1,1,1,1,1,4,1,1,3,3,1,3,3,3,2,2,2,2,2,2,3,4,4,1,4,4,0.333333333,0.333333333,16,0.333333333,0,0.666666667,0.333333333,0,0.25,0.6,0.333333333,0.333333333,1,5,18,1,1,1,1,1,4,1,1,4,4,1,3,3,1,1,3,3,2,2,2,2,2,1,3,4,4,4,4,4,0.333333333,0.333333333,15,0.333333333,0,0.666666667,0.666666667,0,0.5,0.6,0.416666667,0.416666667,1,5,18,1,1,1,1,4,1,1,4,4,1,3,1,2,2,3,3,2,2,2,2,2,4,3,4,4,4,4,4,0.5,0.333333333
21,21,21,1530,1,0.666666667,0.666666667,0.666666667,0.666666667,1,0.5,0.6,0.583333333,0.666666667,4,1,18,1,3,2,1,4,3,1,1,1,1,1,1,4,1,1,1,2,4,2,1,4,2,3,1,2,3,2,3,1,4,4,1,4,4,0.666666667,0.666666667,17,0.333333333,1,0.333333333,0.333333333,0.666666667,0.5,0.4,0.333333333,0.5,1,4,18,1,3,1,1,1,1,4,2,2,1,4,4,2,1,4,2,1,4,3,2,3,3,3,4,2,1,4,2,2,0.333333333,0.666666667,16,0.666666667,0.666666667,0,0.333333333,0.666666667,0.5,0.2,0.25,0.416666667,1,4,18,1,3,1,1,2,2,4,4,1,2,1,2,4,4,1,4,3,4,2,3,3,3,2,4,1,1,1,4,0.5,0.333333333
22,22,22,1541,0,0.333333333,0,0,0.333333333,0.333333333,0.25,0,0.083333333,0.166666667,6,1,18,1,1,2,3,4,1,1,2,2,3,4,2,4,4,4,4,3,3,2,2,3,2,3,3,1,1,1,2,3,3,3,3,3,3,0.166666667,0.166666667,18,0.333333333,0.333333333,0,0.666666667,0.333333333,0.5,0.2,0.25,0.333333333,7,6,18,1,1,2,2,3,4,4,3,1,4,3,2,3,4,3,4,1,3,3,2,1,1,2,4,2,3,1,3,3,0.333333333,0.333333333,17,0.333333333,0.333333333,0,0.666666667,0.333333333,0.5,0.2,0.166666667,0.333333333,7,6,18,1,1,2,3,4,3,4,2,4,3,2,3,4,1,4,3,3,2,2,1,1,2,4,3,1,3,3,4,0.333333333,0.333333333
23,23,23,1553,1,0.666666667,0.666666667,0.333333333,0.333333333,1,0,0.6,0.5,0.5,7,1,18,2,1,3,2,1,4,1,1,1,2,1,4,4,4,4,1,3,2,2,2,1,4,3,2,3,2,4,4,3,3,3,3,1,3,0.333333333,0.666666667,19,0.333333333,0,0.666666667,0.666666667,0,0.5,0.6,0.416666667,0.416666667,2,7,18,2,1,1,1,2,4,4,1,2,1,4,2,2,2,1,3,3,3,2,3,4,4,4,3,3,1,3,3,3,0.5,0.333333333,18,0.333333333,0.666666667,0.333333333,0,0.333333333,0,0.6,0.333333333,0.333333333,2,7,18,2,1,1,2,1,2,1,2,4,2,1,4,1,4,1,3,1,4,3,1,1,1,3,3,4,2,3,3,0.166666667,0.5
24,24,24,1627,1,0.666666667,0.666666667,0.666666667,0.333333333,0.666666667,0.5,0.6,0.5,0.583333333,7,1,18,2,2,4,3,2,1,1,2,1,3,3,3,3,3,3,3,1,4,2,2,1,4,2,4,4,4,2,1,1,2,2,2,1,2,0.666666667,0.5,20,0.333333333,0.666666667,0.333333333,0.666666667,0.666666667,0.75,0.2,0.416666667,0.5,3,7,18,2,2,2,1,3,3,3,4,3,3,3,4,1,2,4,2,2,4,4,1,2,2,1,1,1,2,2,4,4,0.666666667,0.333333333,19,0.333333333,0.666666667,0,0.666666667,1,0.5,0,0.5,0.416666667,3,7,18,2,2,1,3,3,2,2,3,3,3,1,2,4,2,1,3,1,1,1,1,3,1,3,2,3,3,4,4,0.5,0.333333333
25,25,25,1677,1,1,1,1,0.666666667,1,0.75,1,0.916666667,0.916666667,6,1,18,1,1,2,3,4,1,1,2,2,3,3,3,2,3,3,1,4,4,4,4,4,4,1,1,1,1,1,1,2,2,2,2,2,2,0.833333333,1,NA,NA,NA,NA,NA,NA,NA,NA,NA,NA,NA,NA,NA,NA,NA,NA,NA,NA,NA,NA,NA,NA,NA,NA,NA,NA,NA,NA,NA,NA,NA,NA,NA,NA,NA,NA,NA,NA,NA,NA,NA,NA,NA,NA,NA,NA,NA,NA,NA,NA,NA,NA,NA,NA,NA,NA,NA,NA,NA,NA,NA,NA,NA,NA,NA,NA,NA,NA,NA,NA,NA,NA,NA,NA,NA,NA,NA,NA,NA,NA,NA,NA,NA,NA,NA,NA,NA
26,26,26,1812,1,0.666666667,0.333333333,0.333333333,0.666666667,0.666666667,0.75,0.2,0.5,0.5,9,1,19,2,2,1,4,3,2,1,2,1,4,2,3,2,2,2,2,3,3,3,3,1,4,3,1,3,1,4,3,1,3,4,1,3,4,0.666666667,0.333333333,21,0.333333333,0,0.333333333,0,0,0.25,0.2,0.166666667,0.166666667,4,9,19,2,2,2,1,4,4,1,1,4,1,1,4,3,4,1,2,4,3,2,3,2,4,2,1,3,4,1,3,4,0.166666667,0.166666667,20,0.666666667,0.666666667,0.333333333,0,0.333333333,0.5,0.4,0.166666667,0.416666667,4,9,19,2,2,1,4,2,1,1,2,3,4,1,1,2,1,3,4,1,1,3,1,4,4,2,1,4,3,1,4,0.5,0.333333333
27,27,27,1929,1,0.333333333,0.333333333,0.333333333,0.333333333,1,0,0.2,0.583333333,0.333333333,4,1,18,1,1,2,3,4,1,1,2,2,3,3,3,4,3,3,2,4,4,1,2,3,2,1,2,4,1,4,4,3,2,2,2,4,1,0.166666667,0.5,22,0.333333333,0.333333333,0.333333333,0,0.666666667,0,0.2,0.25,0.25,7,4,18,1,1,2,2,3,3,4,1,3,3,4,3,2,2,1,2,2,1,2,1,2,2,3,4,1,3,2,1,1,0.166666667,0.333333333,21,0.333333333,0.666666667,0,0,0.666666667,0,0.2,0.5,0.25,7,4,18,1,1,2,3,3,4,1,3,3,4,3,2,4,2,4,1,2,1,1,2,4,2,2,2,3,1,1,4,0.166666667,0.333333333
28,28,28,1932,1,1,1,1,1,1,1,1,0.833333333,1,3,1,18,2,2,2,1,4,3,1,1,1,1,1,4,1,1,1,1,2,2,2,2,2,2,3,3,3,3,3,3,4,2,4,4,4,4,1,1,23,0.666666667,1,1,0.666666667,1,0.5,1,0.583333333,0.833333333,1,8,18,2,2,1,1,1,1,4,2,1,1,1,2,2,2,3,2,2,3,3,2,3,2,3,4,2,3,4,4,4,0.666666667,1,22,1,1,1,0.666666667,1,0.75,1,0.5,0.916666667,1,8,18,2,2,1,1,1,4,4,1,1,1,2,2,2,3,2,2,3,3,2,3,3,3,2,2,2,4,4,4,0.833333333,1
29,29,29,2146,1,0,0.333333333,0,0.666666667,0.666666667,0.25,0,0.333333333,0.25,9,1,20,2,2,3,4,1,2,1,1,2,2,4,4,1,2,4,3,3,3,3,1,3,3,2,4,1,2,4,4,3,2,4,4,1,2,0.166666667,0.333333333,24,0.333333333,0,0.333333333,1,0.333333333,0.5,0.4,0.166666667,0.416666667,6,9,20,2,2,1,2,2,3,2,4,1,3,4,1,2,4,1,2,1,1,1,4,2,4,3,2,2,1,2,2,3,0.5,0.333333333,23,0,0.333333333,0,0.333333333,0,0.5,0,0.25,0.166666667,6,9,20,2,2,2,2,3,1,2,2,2,4,2,1,2,3,2,4,1,2,3,1,1,2,3,4,4,2,4,4,0.333333333,0
30,30,30,2177,1,0.666666667,1,0.333333333,0.333333333,0.666666667,0.75,0.4,0.666666667,0.583333333,6,1,19,2,6,1,2,3,4,1,2,2,4,2,2,2,2,2,3,4,4,3,3,3,1,4,4,3,1,4,4,2,1,1,2,1,2,0.666666667,0.5,25,0.666666667,0.666666667,0.333333333,0.666666667,0.666666667,1,0.2,0.416666667,0.583333333,8,6,19,2,6,2,2,4,2,2,1,2,2,2,4,2,3,3,2,4,1,2,3,3,4,4,2,1,1,2,1,3,0.833333333,0.333333333,24,0.333333333,0.666666667,0.333333333,0.333333333,0.666666667,0.5,0.2,0.416666667,0.416666667,8,6,19,2,6,2,4,2,1,1,2,2,3,2,3,3,3,2,4,1,3,3,1,2,4,3,1,1,2,1,3,0.5,0.333333333
31,31,31,2205,1,0,0,0.333333333,0.333333333,0.333333333,0,0.2,0.25,0.166666667,3,2,18,1,6,2,1,4,3,1,1,1,1,4,3,2,4,2,2,1,1,2,1,1,1,3,4,4,3,2,2,4,3,3,4,3,3,0,0.333333333,NA,NA,NA,NA,NA,NA,NA,NA,NA,NA,NA,NA,NA,NA,NA,NA,NA,NA,NA,NA,NA,NA,NA,NA,NA,NA,NA,NA,NA,NA,NA,NA,NA,NA,NA,NA,NA,NA,NA,NA,NA,NA,NA,NA,NA,NA,NA,NA,NA,NA,NA,NA,NA,NA,NA,NA,NA,NA,NA,NA,NA,NA,NA,NA,NA,NA,NA,NA,NA,NA,NA,NA,NA,NA,NA,NA,NA,NA,NA,NA,NA,NA,NA,NA,NA,NA,NA
32,32,32,2347,1,0.333333333,0,0.333333333,0.333333333,0,0.5,0.2,0.25,0.25,8,1,18,2,6,1,4,3,2,1,2,1,4,3,3,3,4,3,1,1,1,2,3,1,2,3,4,4,2,4,1,4,2,1,3,1,3,0.333333333,0.166666667,26,0.333333333,0.333333333,0.333333333,0,0,0,0.6,0.166666667,0.25,4,4,18,2,6,2,1,4,3,2,3,4,3,3,2,4,4,4,3,1,2,3,3,3,2,2,4,1,3,2,1,1,0.166666667,0.333333333,25,0.333333333,0.333333333,0.666666667,0,0.333333333,0,0.6,0.416666667,0.333333333,4,4,18,2,6,1,4,2,3,4,2,3,4,4,3,2,1,3,3,3,4,4,3,2,1,2,1,2,4,1,2,0.166666667,0.5
33,33,33,2426,1,1,0.333333333,0,0,0.666666667,0.25,0.2,0.25,0.333333333,4,1,19,1,6,3,4,1,2,1,1,2,2,4,4,3,4,4,3,3,2,4,4,2,2,3,1,3,1,2,1,4,2,3,2,2,3,0.5,0.166666667,27,1,0,0.666666667,0.333333333,0.666666667,0.25,0.6,0.333333333,0.5,6,4,19,1,4,1,2,2,3,2,4,4,2,2,3,1,4,4,2,3,4,4,1,2,2,3,3,4,3,3,3,3,0.5,0.5,26,0,0.666666667,0,1,0.666666667,0.5,0.2,0.25,0.416666667,6,4,19,1,6,2,2,4,3,3,3,4,4,3,2,4,1,1,3,2,3,1,2,3,3,4,3,4,2,2,2,0.333333333,0.5
34,34,34,2467,1,0.666666667,0.333333333,1,1,1,0.75,0.6,0.5,0.75,9,1,18,1,1,1,2,3,4,1,2,2,4,2,2,2,2,2,2,1,3,4,3,4,3,4,3,3,4,4,3,1,3,2,1,1,3,0.666666667,0.833333333,28,0,0,0.333333333,0.333333333,0,0.25,0.2,0.5,0.166666667,8,9,18,1,1,2,2,4,2,2,3,4,1,4,3,3,4,3,4,3,1,3,4,1,1,3,3,1,2,4,3,3,0.166666667,0.166666667,27,0,0.666666667,0,0,0.333333333,0,0.2,0.25,0.166666667,8,9,18,1,1,2,4,2,2,4,3,2,4,4,4,3,4,3,4,1,3,3,1,1,3,3,3,2,4,3,3,0,0.333333333
35,35,35,2502,1,1,0.333333333,0.333333333,0.333333333,0.666666667,0.25,0.6,0.5,0.5,9,1,18,1,6,1,2,3,4,1,2,2,4,2,1,1,2,4,1,3,2,2,4,3,3,4,2,2,4,4,1,1,1,1,2,2,1,0.5,0.5,29,0.333333333,0.666666667,0,0.333333333,0.333333333,0.75,0,0.333333333,0.333333333,8,9,18,1,6,2,2,4,4,2,1,1,2,3,3,2,1,3,2,2,4,2,3,2,4,4,4,3,1,3,3,4,0.5,0.166666667,28,0,0.666666667,0,0.333333333,0.333333333,0.25,0.2,0.333333333,0.25,8,9,18,1,6,2,4,2,3,3,3,2,2,4,3,2,2,3,1,1,2,4,1,2,1,1,3,4,2,2,2,0.166666667,0.333333333
36,36,36,2533,1,0.666666667,1,1,1,1,0.75,1,0.583333333,0.916666667,9,1,19,2,2,4,1,2,3,1,1,2,1,1,4,2,1,1,1,2,2,2,2,2,2,3,3,4,3,1,3,1,4,1,4,4,4,0.833333333,1,30,0.666666667,0.666666667,0,0.333333333,0.666666667,0.25,0.4,0.5,0.416666667,5,9,19,2,2,1,2,1,1,1,4,1,1,4,3,3,2,2,2,4,3,3,1,2,4,1,1,4,1,1,3,4,0.5,0.333333333,29,0.666666667,0.666666667,0.333333333,0.333333333,0.666666667,0.5,0.4,0.333333333,0.5,5,9,19,2,2,2,1,1,1,1,1,1,3,2,4,1,2,2,3,4,2,1,2,3,1,1,3,1,1,4,3,0.5,0.5
37,37,37,2568,1,0.666666667,0.666666667,0,0.333333333,0.666666667,0.75,0,0.25,0.416666667,8,1,18,1,7,3,2,1,4,1,1,1,2,3,4,4,4,4,4,1,3,4,2,4,4,1,3,3,1,2,2,4,2,4,4,2,2,0.666666667,0.166666667,31,0.333333333,0.333333333,0.666666667,0.333333333,0.666666667,0.25,0.4,0.166666667,0.416666667,2,8,18,1,7,1,1,2,4,3,2,4,4,4,3,3,2,3,4,4,1,3,2,4,4,4,4,1,4,3,3,2,0.333333333,0.5,30,0.666666667,0,0,0,0.333333333,0,0.2,0,0.166666667,2,8,18,1,7,1,2,3,2,3,4,2,3,3,4,3,2,3,4,1,3,4,3,4,4,4,2,4,4,1,3,0.333333333,0
38,38,38,2686,1,0.333333333,0.333333333,1,0.333333333,0,0.25,1,0.416666667,0.5,7,1,18,1,5,3,2,1,4,1,1,1,2,2,3,2,2,2,2,1,1,1,1,1,1,3,4,4,3,4,4,1,3,3,3,3,3,0.333333333,0.666666667,32,0.333333333,0.333333333,1,0.666666667,0.333333333,0.25,1,0.25,0.583333333,2,7,18,1,5,1,1,2,2,2,2,2,2,2,1,2,2,1,1,1,3,2,3,2,4,4,1,3,2,3,3,3,0.333333333,0.833333333,31,0.333333333,0.333333333,1,0.333333333,0,0.25,1,0.25,0.5,2,7,18,1,5,1,2,2,3,2,2,2,2,1,2,2,1,1,1,3,2,3,3,4,4,1,3,4,3,3,3,0.333333333,0.666666667
39,39,39,2704,1,0.333333333,0.333333333,0,0.666666667,0.666666667,0.5,0,0.416666667,0.333333333,8,1,20,1,5,3,4,1,2,1,1,2,2,4,4,3,4,4,4,1,1,1,1,2,2,3,3,3,3,3,3,2,2,2,2,4,2,0.5,0.166666667,33,0.333333333,0.666666667,1,0.666666667,0.333333333,1,0.6,0.25,0.666666667,6,8,20,1,5,1,2,2,1,3,3,2,4,4,4,1,4,1,3,1,3,2,4,4,2,2,3,2,4,3,3,2,0.666666667,0.666666667,NA,NA,NA,NA,NA,NA,NA,NA,NA,NA,NA,NA,NA,NA,NA,NA,NA,NA,NA,NA,NA,NA,NA,NA,NA,NA,NA,NA,NA,NA,NA,NA,NA,NA,NA,NA,NA,NA,NA,NA,NA,NA,NA
40,40,40,2734,1,1,1,1,1,1,1,1,0.583333333,1,9,1,22,2,1,4,1,2,3,1,1,2,1,1,1,1,1,1,1,2,2,4,2,2,2,2,3,4,3,3,3,1,2,4,4,4,4,1,1,34,0.666666667,0.666666667,0.333333333,0.666666667,1,0.75,0.2,0.416666667,0.583333333,5,9,22,2,1,1,2,1,1,1,1,1,1,1,4,2,4,3,4,2,4,3,4,3,3,3,1,2,1,2,2,2,0.666666667,0.5,32,0.333333333,1,0.333333333,0.666666667,0.666666667,0.75,0.4,0.5,0.583333333,5,9,22,2,1,2,1,1,1,1,4,1,1,2,2,4,3,2,2,4,3,1,3,3,3,1,2,1,2,2,2,0.5,0.666666667
41,41,41,2748,1,1,0.333333333,1,0.666666667,0.666666667,0.75,0.8,0.5,0.75,7,1,21,1,7,2,1,4,3,1,1,1,1,3,1,3,1,3,3,2,2,1,2,3,2,1,1,3,3,3,3,4,4,3,4,4,4,0.833333333,0.666666667,35,0.333333333,0,0.666666667,0,0,0,0.6,0.333333333,0.25,1,5,21,1,7,1,1,1,3,3,3,3,3,2,2,4,1,3,1,1,4,2,3,1,1,1,4,4,1,4,4,4,0.166666667,0.333333333,33,0.666666667,0.666666667,1,0,0,0.5,1,0.25,0.583333333,1,5,21,1,7,1,1,3,1,2,3,3,2,2,3,3,1,2,2,4,1,1,1,3,3,4,2,3,4,4,4,0.5,0.666666667
42,42,42,2811,1,0.333333333,0.666666667,0.666666667,0.333333333,0.666666667,0.25,0.6,0.5,0.5,7,1,18,2,2,2,1,4,3,1,1,1,1,1,2,1,2,1,2,2,1,4,1,4,1,1,3,1,3,2,3,4,4,3,4,4,4,0.333333333,0.666666667,36,0.333333333,0.333333333,0.333333333,0.333333333,0.333333333,0.25,0.4,0.416666667,0.333333333,1,7,18,2,2,1,1,1,1,2,1,4,2,2,2,2,1,1,1,4,4,2,2,3,2,3,4,1,3,2,4,4,0.333333333,0.333333333,34,0.666666667,0.333333333,0,0.333333333,0.666666667,0.25,0.2,0.25,0.333333333,1,7,18,2,2,1,1,3,1,2,1,2,2,4,2,2,4,4,3,1,4,1,3,2,3,1,2,3,1,1,4,0.5,0.166666667
43,43,43,2862,1,0.333333333,1,1,1,1,0.75,0.8,0.75,0.833333333,7,1,19,2,7,3,4,1,2,1,1,2,2,4,1,4,4,4,4,1,1,1,1,1,1,1,2,4,2,4,2,3,3,3,3,3,1,0.666666667,1,37,0.333333333,1,1,0.666666667,1,0.5,0.8,0.583333333,0.75,6,5,19,2,5,1,2,2,4,3,4,4,4,1,3,1,3,1,1,1,3,2,2,2,1,2,3,1,3,3,3,1,0.5,1,35,1,1,0.666666667,0.666666667,1,0.75,0.8,0.583333333,0.833333333,6,5,19,2,7,2,2,4,1,4,4,4,2,3,1,4,1,1,3,1,2,1,2,2,2,3,3,3,3,3,3,0.833333333,0.833333333
44,44,44,3035,1,1,1,1,1,1,1,1,0.833333333,1,3,1,18,2,1,1,2,3,4,1,2,2,4,2,2,2,2,2,2,3,3,3,3,3,3,1,4,4,4,4,4,1,1,3,1,1,1,1,1,38,1,1,0.333333333,1,1,1,0.6,0.666666667,0.833333333,8,8,18,2,1,2,2,4,2,2,1,2,2,2,3,3,3,3,3,4,1,4,3,4,4,4,1,1,2,1,3,1,1,0.666666667,36,1,1,0,1,1,1,0.4,0.583333333,0.75,8,8,18,2,1,2,4,2,2,1,2,2,2,3,3,3,3,3,4,1,4,1,4,4,4,3,1,4,2,3,1,1,0.5
45,45,45,3065,1,1,1,1,1,1,1,1,0.916666667,1,2,1,18,2,2,3,2,1,4,1,1,1,2,4,4,4,4,4,4,1,1,2,1,1,1,2,2,2,2,2,2,3,3,3,3,3,3,1,1,39,1,0.666666667,0.333333333,0.333333333,0.666666667,0.5,0.6,0.333333333,0.583333333,2,2,18,2,2,1,1,2,4,4,1,4,4,4,3,2,2,3,1,2,3,1,1,1,2,1,3,3,2,1,3,3,0.666666667,0.5,37,0.666666667,0.333333333,0.666666667,0.666666667,1,0.25,0.6,0.5,0.583333333,2,2,18,2,2,1,2,4,4,2,4,4,4,2,2,1,2,3,3,3,2,3,2,1,1,3,3,1,3,3,3,0.5,0.666666667
46,46,46,3137,1,0.666666667,0.666666667,0.333333333,1,1,1,0.2,0.583333333,0.666666667,3,1,18,2,6,1,2,3,4,1,2,2,4,2,2,2,2,2,2,3,4,1,3,2,1,4,3,4,4,4,4,3,1,3,4,1,4,0.833333333,0.5,40,0,0.333333333,0.333333333,0.333333333,0.333333333,0.25,0.2,0.083333333,0.25,8,9,18,2,6,2,2,4,2,3,4,3,2,2,4,1,2,2,2,2,3,3,1,1,1,1,3,4,3,3,1,3,0.166666667,0.333333333,38,0,0,0,0.333333333,0,0.25,0,0.333333333,0.083333333,8,9,18,2,6,2,4,2,2,3,3,4,2,1,3,2,2,2,2,3,4,2,1,1,1,4,3,2,2,4,3,0.166666667,0
47,47,47,3148,1,0.666666667,1,1,0.333333333,0.666666667,0.5,1,0.916666667,0.75,5,1,20,2,2,2,1,4,3,1,1,1,1,1,1,1,2,1,2,2,2,3,1,2,2,3,3,3,3,3,3,4,4,4,4,4,4,0.5,1,41,0.666666667,0.666666667,0.666666667,0.666666667,0.333333333,0.75,0.8,0.5,0.666666667,1,6,20,2,2,1,1,1,2,2,1,2,2,1,2,1,2,1,2,4,4,1,2,3,3,3,4,4,4,4,4,4,0.666666667,0.666666667,39,0.666666667,0.666666667,1,0.333333333,0.333333333,0.75,0.8,0.5,0.666666667,1,6,20,2,2,1,1,4,1,1,1,4,2,1,3,2,2,2,2,1,2,3,2,3,3,4,2,4,4,4,2,0.666666667,0.666666667
48,48,48,3152,1,1,0.666666667,1,0.333333333,0.333333333,0.75,1,0.75,0.75,3,1,18,2,2,4,3,2,1,1,2,1,3,2,3,2,3,4,4,4,4,4,4,4,4,1,1,1,2,1,1,4,2,2,2,2,2,0.833333333,0.666666667,42,0.666666667,1,0.666666667,0.333333333,0.666666667,0.75,0.6,0.5,0.666666667,3,3,18,2,2,2,1,3,2,3,2,3,3,2,4,4,3,4,4,4,2,1,1,2,1,1,3,4,2,2,4,4,0.666666667,0.666666667,40,1,1,1,0.666666667,0.666666667,1,1,0.583333333,0.916666667,3,3,18,2,2,1,3,3,3,1,3,3,3,4,4,3,4,4,4,4,1,1,2,1,1,3,2,3,2,2,2,1,0.833333333
49,49,49,3163,1,0.666666667,0.333333333,1,0.666666667,1,0.25,0.8,0.75,0.666666667,2,1,18,2,4,1,4,3,2,1,2,1,4,2,2,2,2,2,4,3,3,3,3,1,3,1,3,4,4,3,3,3,1,1,1,1,1,0.5,0.833333333,43,0,1,0.666666667,0.666666667,0.666666667,0.5,0.6,0.583333333,0.583333333,4,2,18,2,4,2,1,4,2,2,2,3,2,4,1,3,3,3,3,3,1,3,4,4,2,4,3,1,2,1,4,3,0.333333333,0.833333333,41,0.333333333,0.333333333,0,0.333333333,0,0.5,0.2,0.083333333,0.25,4,2,18,2,6,1,4,2,3,3,4,3,2,1,2,4,2,2,4,1,3,2,2,2,4,3,4,2,3,3,1,0.5,0
50,50,50,3194,1,0,0,0,0.333333333,0,0.25,0,0.083333333,0.083333333,8,1,18,1,2,3,4,1,2,1,1,2,2,3,3,4,3,3,4,4,4,3,3,4,2,1,1,1,1,1,1,2,2,2,2,2,4,0.166666667,0,44,0,0,0,0.333333333,0,0.25,0,0.333333333,0.083333333,6,8,18,1,2,1,2,2,4,2,2,1,3,4,4,1,3,3,4,3,1,1,2,1,1,1,3,2,1,2,2,2,0.166666667,0,42,0.333333333,0.333333333,0,0.333333333,0.333333333,0.25,0.2,0.25,0.25,6,8,18,1,2,2,2,4,1,3,3,4,4,4,4,3,3,4,4,2,1,3,1,1,1,3,2,1,2,2,3,0.333333333,0.166666667
51,51,51,3479,1,1,1,1,1,1,1,1,1,1,8,1,22,1,6,1,2,3,4,1,2,2,4,2,2,2,2,2,2,3,3,3,3,3,3,4,4,4,4,4,4,1,1,1,1,1,1,1,1,45,0.666666667,1,1,1,0.666666667,1,1,0.833333333,0.916666667,8,8,22,1,6,2,2,4,2,2,2,4,2,2,3,4,4,3,3,3,4,4,4,4,4,4,1,1,1,1,1,1,0.833333333,1,43,0.333333333,0,0.666666667,0,0,0,0.6,0.25,0.25,1,8,22,1,6,2,4,3,3,3,3,3,3,4,3,2,2,4,4,2,4,3,2,2,2,4,1,3,1,1,1,0.166666667,0.333333333
52,52,52,3510,1,0.333333333,1,0.666666667,0.666666667,1,0.5,0.6,0.75,0.666666667,7,1,19,2,6,1,4,3,2,1,2,1,4,2,2,2,2,2,1,4,4,2,3,3,3,4,4,4,4,3,4,1,1,1,3,1,4,0.5,0.833333333,46,0.666666667,1,0,0.333333333,0.666666667,0.5,0.4,0.5,0.5,4,7,19,2,6,2,1,4,1,2,2,2,2,4,4,1,2,3,3,1,4,4,3,3,2,4,3,1,1,2,4,1,0.666666667,0.333333333,44,0.333333333,0.666666667,0.666666667,0.666666667,0.666666667,0.75,0.4,0.75,0.583333333,4,7,19,2,6,1,4,2,2,2,2,2,2,4,3,2,3,2,3,4,4,3,3,2,4,1,1,1,3,1,4,0.666666667,0.5
53,53,53,3521,1,0.333333333,1,0.666666667,0.666666667,1,0.5,0.6,0.416666667,0.666666667,5,1,19,1,7,3,2,1,4,1,1,1,2,4,3,4,4,4,4,3,2,4,4,1,1,3,1,2,2,3,2,1,3,3,1,3,2,0.5,0.833333333,NA,NA,NA,NA,NA,NA,NA,NA,NA,NA,NA,NA,NA,NA,NA,NA,NA,NA,NA,NA,NA,NA,NA,NA,NA,NA,NA,NA,NA,NA,NA,NA,NA,NA,NA,NA,NA,NA,NA,NA,NA,NA,NA,NA,NA,NA,NA,NA,NA,NA,NA,NA,NA,NA,NA,NA,NA,NA,NA,NA,NA,NA,NA,NA,NA,NA,NA,NA,NA,NA,NA,NA,NA,NA,NA,NA,NA,NA,NA,NA,NA,NA,NA,NA,NA,NA,NA
54,54,54,3605,1,0.666666667,0.666666667,0.333333333,0.666666667,0.666666667,0.5,0.6,0.833333333,0.583333333,8,1,18,1,6,2,1,4,3,1,1,1,1,1,2,1,1,4,2,2,2,1,2,2,4,3,3,3,3,4,3,4,4,4,2,4,4,0.666666667,0.5,47,0,0.333333333,0,0,0,0.25,0,0.5,0.083333333,1,8,18,1,6,1,1,1,4,4,1,2,3,2,2,2,1,3,1,4,4,1,3,2,4,3,2,4,4,3,1,2,0.166666667,0,45,0.666666667,0.333333333,0,0.333333333,0,0.5,0.4,0.166666667,0.333333333,1,8,18,1,6,1,1,2,2,4,3,4,2,1,3,1,2,2,3,4,1,3,1,3,2,2,4,2,1,3,4,0.5,0.166666667
55,55,55,3846,1,0.666666667,0.333333333,0.333333333,1,1,0.5,0.4,0.416666667,0.583333333,3,1,18,2,1,4,3,2,1,1,2,1,3,3,1,2,3,3,3,2,4,4,4,1,1,2,3,4,1,4,2,3,2,2,1,2,2,0.666666667,0.5,48,0.666666667,0.333333333,0.666666667,1,1,0.5,0.6,0.333333333,0.666666667,3,3,18,2,1,2,1,3,3,4,1,3,3,3,4,1,3,4,1,1,1,2,4,1,3,4,3,2,3,2,2,2,0.666666667,0.666666667,46,0.666666667,0.666666667,0.666666667,0.666666667,0.666666667,0.5,0.8,0.416666667,0.666666667,3,3,18,2,1,1,3,3,3,3,3,3,3,4,1,3,4,4,1,4,1,4,4,3,4,3,1,3,2,2,2,0.666666667,0.666666667
56,56,56,3960,1,0,0.666666667,0,1,0.666666667,0.75,0,0.333333333,0.416666667,9,1,18,2,2,4,1,2,3,1,1,2,1,4,4,3,3,1,1,2,3,4,2,1,4,3,3,2,3,1,3,2,3,4,1,1,2,0.5,0.333333333,49,0.666666667,0,0.666666667,0.333333333,0,0.5,0.6,0.333333333,0.416666667,5,9,18,2,2,1,2,1,1,1,2,3,2,3,2,3,4,2,3,1,2,4,2,2,3,4,2,4,3,4,4,4,0.5,0.333333333,47,0.333333333,0,0.333333333,0,0,0.25,0.2,0.166666667,0.166666667,5,9,18,2,2,2,1,3,2,3,3,3,4,4,3,3,4,4,2,2,1,4,1,3,1,4,2,4,2,2,2,0.166666667,0.166666667
57,57,57,3978,1,1,1,1,1,1,1,1,0.833333333,1,8,1,21,2,7,1,4,3,2,1,2,1,4,1,2,2,2,2,2,3,3,2,3,3,3,4,4,4,4,4,4,1,1,1,1,1,1,1,1,50,1,1,0.666666667,0.666666667,0.666666667,1,0.8,0.666666667,0.833333333,4,8,21,2,7,2,1,4,1,2,2,2,2,2,3,3,2,3,3,1,4,4,1,3,4,4,3,1,1,1,1,1,1,0.666666667,48,1,1,0.666666667,0.666666667,0.666666667,1,0.8,0.666666667,0.833333333,4,8,21,2,7,1,4,1,2,2,2,2,2,3,3,2,3,3,4,4,4,1,2,4,4,3,1,1,1,1,1,1,0.666666667
58,58,58,3982,1,0.333333333,0.333333333,0.666666667,0.333333333,0.666666667,0.25,0.4,0.333333333,0.416666667,8,1,19,1,5,3,2,1,4,1,1,1,2,1,2,4,4,4,2,2,2,4,1,2,2,1,1,2,1,1,1,3,4,3,3,3,4,0.333333333,0.5,51,0,0.333333333,0.333333333,0.333333333,0.333333333,0,0.4,0.416666667,0.25,2,8,19,1,5,1,1,2,2,4,4,1,1,2,2,2,2,4,1,2,1,1,2,2,4,1,3,1,3,3,1,1,0,0.5,49,0.333333333,0.333333333,0.333333333,0,0.333333333,0,0.4,0.25,0.25,2,8,19,1,5,1,2,2,2,4,4,2,2,2,4,4,4,1,2,1,4,4,1,4,3,3,1,3,3,1,2,0.166666667,0.333333333
59,59,59,4222,1,0.666666667,1,1,0.666666667,0.666666667,0.75,1,0.75,0.833333333,5,1,18,2,2,4,1,2,4,0.75,1,2,1,1,1,3,1,1,1,2,1,2,2,2,2,3,3,3,2,1,3,4,4,1,4,4,4,0.833333333,0.833333333,52,0.666666667,0,1,0.666666667,0.666666667,0.25,0.8,0.333333333,0.583333333,5,5,18,2,2,1,2,1,1,2,1,1,2,1,3,2,3,3,1,2,4,3,2,3,1,1,1,3,3,4,4,4,0.5,0.666666667,50,0.666666667,0.666666667,1,0.333333333,0.666666667,0.5,0.8,0.083333333,0.666666667,5,5,18,2,2,2,1,3,4,2,1,1,1,4,3,2,1,2,2,4,4,2,1,3,1,1,3,1,4,4,2,0.5,0.833333333
60,60,60,4245,0,1,1,1,1,1,1,1,0.916666667,1,5,1,18,2,1,4,3,2,1,1,2,1,3,3,3,3,3,3,3,4,4,4,4,4,4,1,1,1,1,1,1,2,2,4,2,2,2,1,1,NA,NA,NA,NA,NA,NA,NA,NA,NA,NA,NA,NA,NA,NA,NA,NA,NA,NA,NA,NA,NA,NA,NA,NA,NA,NA,NA,NA,NA,NA,NA,NA,NA,NA,NA,NA,NA,NA,NA,NA,NA,NA,NA,NA,51,1,1,0.666666667,0.666666667,1,0.75,0.8,0.666666667,0.833333333,3,5,18,2,1,1,3,3,3,1,3,3,2,4,2,4,4,4,2,1,2,1,1,1,1,2,2,3,2,2,2,0.833333333,0.833333333
61,61,61,4360,1,0,0.666666667,0.333333333,0.666666667,0.333333333,0.5,0.4,0.333333333,0.416666667,7,1,19,2,2,2,3,4,1,1,2,2,3,1,3,3,4,3,3,4,4,3,4,4,3,3,3,2,2,3,3,4,3,3,1,2,1,0.333333333,0.5,53,0,0.666666667,0,0,0,0.25,0.2,0.25,0.166666667,7,7,19,2,2,2,2,3,2,2,3,4,4,2,4,2,1,3,4,2,4,3,4,3,4,1,1,2,3,4,3,4,0.166666667,0.166666667,52,0.333333333,0.333333333,0.333333333,0,0,0.25,0.4,0.25,0.25,7,7,19,2,2,2,3,1,3,4,4,4,4,3,3,3,2,1,4,1,3,2,4,2,1,2,1,4,1,4,2,0.333333333,0.166666667
62,62,62,4443,1,1,1,0.666666667,1,1,1,0.8,0.416666667,0.916666667,2,1,18,1,6,4,3,2,1,1,2,1,3,4,3,3,3,3,3,3,4,3,4,4,3,1,4,3,1,1,1,4,4,2,2,2,2,1,0.833333333,54,1,0.666666667,0.666666667,0.666666667,1,0.5,0.8,0.583333333,0.75,3,2,18,1,6,2,1,3,2,3,3,3,3,4,1,4,4,4,4,4,1,3,3,1,1,3,2,3,2,4,2,2,0.666666667,0.833333333,NA,NA,NA,NA,NA,NA,NA,NA,NA,NA,NA,NA,NA,NA,NA,NA,NA,NA,NA,NA,NA,NA,NA,NA,NA,NA,NA,NA,NA,NA,NA,NA,NA,NA,NA,NA,NA,NA,NA,NA,NA,NA,NA
63,63,63,4462,1,1,1,1,1,1,1,1,0.916666667,1,2,1,18,1,1,4,1,2,3,1,1,2,1,1,1,1,1,1,1,2,2,2,2,2,2,3,3,1,3,3,3,4,4,4,4,4,4,1,1,55,0.666666667,1,1,1,0.666666667,1,1,0.916666667,0.916666667,5,2,18,1,1,1,2,1,1,1,1,2,1,1,2,2,2,2,2,2,3,3,1,3,3,3,4,4,4,4,4,4,0.833333333,1,53,1,0.666666667,1,0.666666667,0.666666667,1,0.8,0.25,0.833333333,7,2,18,1,1,2,1,1,4,1,1,1,1,2,1,3,2,4,2,4,1,2,4,3,3,1,2,1,4,4,4,1,0.666666667
64,64,64,4486,1,1,1,0.333333333,1,1,1,0.6,0.916666667,0.833333333,8,1,19,2,2,1,4,3,2,1,2,1,4,2,2,2,2,2,2,3,3,3,3,3,1,4,4,4,4,4,4,1,1,2,4,1,1,1,0.666666667,56,1,1,0.666666667,1,1,1,0.8,0.666666667,0.916666667,4,8,19,2,2,2,1,4,2,1,2,2,2,2,3,3,2,3,3,3,4,4,1,4,4,4,1,1,2,4,1,1,1,0.833333333,54,1,1,0.666666667,1,1,1,0.8,0.5,0.916666667,4,8,19,2,2,1,4,2,1,2,2,2,2,3,1,2,3,3,3,4,4,1,4,4,4,3,1,2,4,1,1,1,0.833333333
65,65,65,4506,1,0.666666667,1,0.666666667,0.666666667,1,0.75,0.6,0.666666667,0.75,2,1,19,2,1,2,3,4,1,1,2,2,3,3,2,3,3,3,2,4,4,4,4,4,4,2,2,4,1,1,1,2,2,2,4,2,4,0.666666667,0.833333333,57,0.666666667,1,0.666666667,0.666666667,1,0.75,0.6,0.416666667,0.75,7,2,19,2,1,2,2,3,3,2,3,3,3,2,4,2,4,4,4,4,2,2,4,1,1,1,3,2,3,4,2,4,0.666666667,0.833333333,55,0.666666667,0.666666667,0.666666667,0.666666667,1,0.5,0.6,0.416666667,0.666666667,7,2,19,2,1,2,3,3,1,4,3,3,2,4,1,4,4,4,4,2,3,1,1,1,2,3,2,3,4,2,4,0.5,0.833333333
66,66,66,4566,1,0.666666667,0.333333333,0.333333333,0.333333333,0,0.75,0.4,0.5,0.416666667,7,1,18,2,1,2,3,4,1,1,2,2,3,3,2,3,2,2,2,4,4,4,4,3,4,1,2,3,2,1,1,1,3,4,4,3,2,0.666666667,0.166666667,58,0,0,0.333333333,0.333333333,0,0.25,0.2,0.416666667,0.166666667,7,7,18,2,1,2,2,3,1,3,1,2,2,2,4,3,3,4,1,3,1,2,1,2,2,2,3,3,2,1,2,3,0.166666667,0.166666667,56,0,0.666666667,0.666666667,0.333333333,0.333333333,0.25,0.6,0.083333333,0.416666667,7,7,18,2,1,2,3,3,2,2,4,3,2,1,3,3,4,4,4,3,3,4,3,4,2,3,1,3,2,4,3,0.166666667,0.666666667
67,67,67,4727,1,0.333333333,0.666666667,1,0.666666667,0.333333333,0.75,0.8,0.416666667,0.666666667,4,1,18,1,2,1,2,3,4,1,2,2,4,4,1,1,3,3,1,3,3,2,3,3,3,1,4,3,4,4,4,2,1,1,1,1,3,0.5,0.833333333,59,0.333333333,0.333333333,0.666666667,0.333333333,0.666666667,0.25,0.4,0.333333333,0.416666667,8,4,18,1,2,2,2,4,2,1,2,2,2,1,1,1,2,3,2,2,1,1,4,3,3,3,3,1,4,1,1,2,0.333333333,0.5,57,0.333333333,0.666666667,0.666666667,0.666666667,0.333333333,0.5,0.8,0.083333333,0.583333333,8,4,18,1,2,2,4,3,1,1,4,3,2,1,1,3,1,3,1,1,1,2,4,3,4,3,2,2,1,1,1,0.5,0.666666667
68,68,68,4769,1,0.666666667,0.333333333,0.666666667,0.666666667,0.666666667,0.5,0.6,0.416666667,0.583333333,2,1,18,1,1,4,1,2,3,1,1,2,1,4,1,1,1,1,1,4,2,3,2,1,3,4,2,2,2,2,2,4,4,1,4,4,4,0.666666667,0.5,60,0.666666667,0.333333333,1,0.666666667,0.666666667,0.5,0.8,0.166666667,0.666666667,5,2,18,1,1,1,2,1,3,3,4,1,1,1,4,3,2,2,1,2,3,2,1,1,2,2,2,3,1,4,4,4,0.666666667,0.666666667,NA,NA,NA,NA,NA,NA,NA,NA,NA,NA,NA,NA,NA,NA,NA,NA,NA,NA,NA,NA,NA,NA,NA,NA,NA,NA,NA,NA,NA,NA,NA,NA,NA,NA,NA,NA,NA,NA,NA,NA,NA,NA,NA
69,69,69,4773,1,1,0,0.333333333,0.666666667,0.333333333,0.75,0.4,0.666666667,0.5,4,1,18,1,1,3,2,1,4,1,1,1,2,4,4,4,4,1,4,2,1,3,1,4,2,1,2,2,3,2,3,3,1,3,1,3,3,0.833333333,0.166666667,61,0.333333333,0,0.333333333,0.666666667,0.333333333,0.25,0.4,0.416666667,0.333333333,2,4,18,1,1,1,1,2,3,1,4,2,2,4,2,1,4,2,2,1,2,2,1,2,1,3,3,1,4,2,2,3,0.333333333,0.333333333,58,0,0,0,0.666666667,0.333333333,0.25,0,0.333333333,0.166666667,4,4,18,1,1,1,2,1,1,3,2,2,3,1,1,4,1,4,4,2,3,4,2,3,3,1,1,3,1,4,4,0.166666667,0.166666667
70,70,70,4919,1,0.333333333,0.333333333,0.333333333,0.333333333,0.333333333,0.5,0.2,0.416666667,0.333333333,6,1,20,1,2,2,3,4,1,1,2,2,3,2,1,2,3,1,1,4,4,3,4,3,3,2,2,4,4,3,1,2,2,2,4,2,3,0.5,0.166666667,NA,NA,NA,NA,NA,NA,NA,NA,NA,NA,NA,NA,NA,NA,NA,NA,NA,NA,NA,NA,NA,NA,NA,NA,NA,NA,NA,NA,NA,NA,NA,NA,NA,NA,NA,NA,NA,NA,NA,NA,NA,NA,NA,NA,NA,NA,NA,NA,NA,NA,NA,NA,NA,NA,NA,NA,NA,NA,NA,NA,NA,NA,NA,NA,NA,NA,NA,NA,NA,NA,NA,NA,NA,NA,NA,NA,NA,NA,NA,NA,NA,NA,NA,NA,NA,NA,NA
71,71,71,4975,1,1,1,0.666666667,0.666666667,1,0.75,0.8,0.666666667,0.833333333,8,1,18,2,2,1,4,3,2,1,2,1,4,2,1,2,2,2,3,3,3,2,3,3,1,4,2,4,4,4,4,1,1,2,1,1,1,0.833333333,0.833333333,62,1,0.666666667,0.666666667,0.666666667,1,0.75,0.6,0.5,0.75,4,8,18,2,2,2,1,4,2,2,3,2,2,3,1,3,2,3,2,1,1,1,4,4,4,4,1,1,2,1,1,1,0.833333333,0.666666667,59,0.666666667,1,1,0.666666667,1,0.75,0.8,0.416666667,0.833333333,4,8,18,2,2,1,4,2,1,3,2,2,3,1,3,2,3,3,3,1,2,4,4,4,4,1,1,2,1,1,3,0.666666667,1
72,72,72,4982,1,1,1,0.666666667,0.666666667,1,0.75,0.8,0.666666667,0.833333333,8,1,18,2,2,3,2,1,4,1,1,1,2,4,3,4,4,4,3,3,3,1,1,1,1,2,2,2,2,2,2,3,3,2,3,4,3,0.833333333,0.833333333,63,0.666666667,1,1,0.666666667,0.333333333,1,1,0.5,0.833333333,2,8,18,2,2,1,1,2,3,1,1,2,4,4,3,4,1,1,1,1,2,2,2,4,2,2,3,3,4,3,3,3,0.833333333,0.833333333,60,0.666666667,0.666666667,1,0.333333333,0.333333333,0.75,0.8,0.416666667,0.666666667,2,8,18,2,2,1,2,3,3,2,1,4,1,3,1,4,1,4,1,3,2,2,4,2,2,3,3,4,3,3,3,0.666666667,0.666666667
73,73,73,4987,1,1,1,0.666666667,1,1,1,0.8,0.583333333,0.916666667,4,1,19,2,1,3,4,1,2,1,1,2,2,4,4,3,4,4,4,1,1,2,1,1,2,2,2,3,2,2,2,3,2,4,3,3,3,1,0.833333333,64,0.666666667,1,0.333333333,1,0.666666667,1,0.6,0.583333333,0.75,6,4,19,2,1,1,2,2,4,2,3,3,4,4,1,1,3,1,1,3,2,2,2,2,2,2,2,3,4,2,3,3,0.833333333,0.666666667,61,0.666666667,0.666666667,0.666666667,1,0.666666667,0.75,0.8,0.666666667,0.75,6,4,19,2,1,2,2,4,3,4,3,4,4,1,1,4,1,1,1,2,2,2,2,2,4,3,2,4,2,3,3,0.666666667,0.833333333
74,74,74,5003,1,1,1,0,0.333333333,0.666666667,0.75,0.4,0.5,0.583333333,6,1,18,2,2,3,4,1,2,1,1,2,2,3,1,3,4,4,2,3,1,3,1,1,4,2,2,2,1,2,2,3,1,3,4,4,3,0.833333333,0.333333333,65,0.333333333,0,0.333333333,0.333333333,0,0.5,0.2,0.583333333,0.25,6,6,18,2,2,1,2,2,3,3,4,1,1,1,1,1,3,1,3,2,3,2,2,1,2,4,3,3,1,1,3,1,0.333333333,0.166666667,62,0.333333333,0,0.666666667,0.333333333,0,0.5,0.4,0.25,0.333333333,6,6,18,2,2,2,2,1,3,3,1,3,2,3,4,3,1,3,1,3,2,2,3,2,3,1,3,1,1,3,1,0.333333333,0.333333333
75,75,75,5191,1,0.666666667,0,0.666666667,0.333333333,0.333333333,0.25,0.6,0.583333333,0.416666667,8,1,18,2,2,1,2,3,4,1,2,2,4,1,2,3,3,3,4,3,3,2,4,2,3,2,4,4,4,4,2,1,1,4,1,3,1,0.333333333,0.5,66,0.333333333,0.333333333,0,0,0,0.25,0.2,0.333333333,0.166666667,8,8,18,2,2,2,2,4,2,1,1,1,1,4,3,2,2,4,3,4,3,2,4,3,4,1,1,2,4,3,3,2,0.166666667,0.166666667,63,0.333333333,0.333333333,0.333333333,0,0.333333333,0.25,0.2,0.333333333,0.25,8,8,18,2,2,2,4,1,2,3,1,2,4,3,4,2,4,1,3,3,3,4,3,4,1,1,2,4,3,3,2,0.166666667,0.333333333
76,76,76,5203,1,1,0.666666667,0.333333333,0.333333333,1,0.25,0.6,0.083333333,0.583333333,6,1,18,2,2,2,3,4,1,1,2,2,3,4,2,2,3,3,1,2,1,1,2,4,1,1,2,2,1,1,4,3,4,3,4,2,2,0.5,0.666666667,67,1,0.666666667,0.333333333,0,0.666666667,0.25,0.6,0.166666667,0.5,7,6,18,2,2,2,2,3,1,2,2,3,3,1,4,1,3,1,4,1,2,2,2,4,1,3,3,2,3,4,2,2,0.5,0.5,64,1,0.666666667,0.333333333,0.333333333,1,0.25,0.6,0.083333333,0.583333333,7,6,18,2,2,2,3,3,2,2,3,3,4,3,1,1,2,4,1,2,2,2,1,1,3,4,4,3,4,2,2,0.5,0.666666667
77,77,77,5215,1,0.333333333,0.333333333,0,0.333333333,0.333333333,0.5,0,0.416666667,0.25,4,1,18,2,2,3,2,1,4,1,1,1,2,2,2,4,1,4,4,1,1,4,2,2,4,1,1,4,4,2,4,3,3,2,4,4,4,0.333333333,0.166666667,68,0,0.333333333,0,0.666666667,0.666666667,0.25,0,0.25,0.25,2,7,18,2,2,1,1,2,1,3,1,2,4,4,4,2,1,4,2,2,3,1,4,2,4,1,3,3,4,4,4,2,0.166666667,0.333333333,65,0.333333333,0.333333333,0,1,1,0.5,0,0.416666667,0.416666667,2,7,18,2,2,1,2,1,1,1,4,4,4,3,1,1,1,4,4,3,1,2,2,4,4,3,3,4,4,4,2,0.5,0.333333333
78,78,78,5255,1,0.666666667,0.333333333,0,0,0.333333333,0.5,0,0.333333333,0.25,8,1,18,2,2,2,3,4,1,1,2,2,3,4,4,3,3,4,4,4,2,2,2,2,2,4,1,1,2,1,1,3,4,3,4,4,4,0.5,0,69,0.666666667,0,0.333333333,0,0.333333333,0.25,0.2,0.333333333,0.25,7,8,18,2,2,2,2,3,2,4,3,3,2,2,4,2,3,2,2,1,4,3,1,2,1,2,4,2,3,2,4,4,0.333333333,0.166666667,66,0.666666667,0,0,0,0.333333333,0.25,0,0.416666667,0.166666667,7,8,18,2,2,2,3,1,4,3,3,4,2,4,2,3,2,2,1,4,1,1,4,1,3,3,2,3,4,4,4,0.333333333,0
79,79,79,5264,1,0.666666667,0.333333333,0.333333333,0.333333333,0.333333333,0.5,0.4,0.5,0.416666667,4,1,19,1,5,4,1,2,3,1,1,2,1,2,2,2,2,2,2,1,1,3,1,1,1,3,3,3,3,3,3,4,4,4,2,4,4,0.5,0.333333333,70,0.333333333,0.333333333,0.333333333,0,0,0.25,0.4,0.5,0.25,5,4,19,1,5,1,2,1,2,2,2,2,2,2,1,4,2,1,1,1,2,3,3,1,2,3,4,4,4,2,4,4,0.333333333,0.166666667,NA,NA,NA,NA,NA,NA,NA,NA,NA,NA,NA,NA,NA,NA,NA,NA,NA,NA,NA,NA,NA,NA,NA,NA,NA,NA,NA,NA,NA,NA,NA,NA,NA,NA,NA,NA,NA,NA,NA,NA,NA,NA,NA
80,80,80,5304,1,0.333333333,0.666666667,0.666666667,0.333333333,0.666666667,0.5,0.4,0.75,0.5,8,1,20,2,1,4,3,2,1,1,2,1,3,3,3,2,3,3,3,4,4,4,2,3,4,1,2,1,4,2,1,3,2,2,2,4,4,0.5,0.5,71,1,0.666666667,0.333333333,0.333333333,0.666666667,0.75,0.4,0.5,0.583333333,3,8,20,2,1,2,1,3,3,3,4,3,3,3,4,4,3,2,3,2,4,4,1,2,1,1,3,4,2,2,4,2,0.833333333,0.333333333,67,0.333333333,0.666666667,0.333333333,0.333333333,0.666666667,0.25,0.4,0.416666667,0.416666667,3,8,20,2,1,1,3,3,3,2,3,3,3,4,4,3,2,4,2,4,2,1,3,4,3,3,4,1,2,4,4,0.333333333,0.5
81,81,81,5313,1,0,0,0.333333333,0.333333333,0.333333333,0,0.2,0.166666667,0.166666667,9,1,19,1,2,4,3,2,1,1,2,1,3,4,3,4,4,4,4,2,3,2,3,2,2,1,3,3,1,4,4,1,1,1,2,1,1,0,0.333333333,72,0.333333333,0.333333333,0,0,0,0,0.4,0.083333333,0.166666667,3,9,19,1,2,2,1,3,4,2,2,4,4,4,1,2,2,2,4,2,1,2,3,2,3,3,1,1,1,1,1,2,0.166666667,0.166666667,68,0,0,0,0.333333333,0.333333333,0,0,0.25,0.083333333,3,9,19,1,2,1,3,4,2,2,4,4,4,1,4,3,3,2,2,2,1,3,1,3,3,1,2,1,4,1,1,0,0.166666667
82,82,82,5330,1,0.666666667,1,0.333333333,0.333333333,0.666666667,0.75,0.4,0.333333333,0.583333333,4,1,18,1,2,2,3,4,1,1,2,2,3,3,2,1,3,3,4,2,4,3,4,4,1,2,1,2,4,1,1,3,2,3,3,2,3,0.666666667,0.5,73,0.666666667,1,0.666666667,0.666666667,1,0.75,0.6,0.25,0.75,7,4,18,1,2,2,2,3,4,2,1,3,3,4,2,4,4,4,4,1,2,1,3,1,1,1,4,3,1,2,2,3,0.666666667,0.833333333,69,0.333333333,1,0.666666667,0.333333333,0.333333333,0.75,0.6,0.333333333,0.583333333,7,4,18,1,2,2,3,3,2,2,2,3,4,2,4,3,4,4,1,2,1,4,2,1,1,4,2,3,2,2,1,0.5,0.666666667
83,83,83,5422,1,1,0.333333333,1,1,0.666666667,0.75,1,0.666666667,0.833333333,5,1,18,1,2,3,4,1,2,1,1,2,2,4,3,4,4,1,4,3,2,1,1,1,1,2,2,2,2,2,1,3,3,4,3,3,3,0.833333333,0.833333333,74,0.333333333,0.666666667,1,0.666666667,0.666666667,0.25,1,0.416666667,0.666666667,6,5,18,1,2,1,2,2,2,2,4,2,4,2,3,4,1,1,1,1,3,2,3,2,4,4,3,3,4,3,3,3,0.333333333,1,70,0.666666667,0.666666667,0.666666667,0.666666667,1,0.25,0.8,0.333333333,0.666666667,6,5,18,1,2,2,2,3,1,1,4,4,1,2,1,2,1,1,3,2,2,3,2,4,1,2,3,2,3,3,3,0.5,0.833333333
84,84,84,5432,1,0.666666667,1,1,0.666666667,0.666666667,0.75,1,0.666666667,0.833333333,2,1,17,2,3,2,3,4,1,1,2,2,3,3,2,1,3,3,3,4,4,1,4,4,4,2,1,1,2,3,1,2,2,2,2,2,2,0.833333333,0.833333333,75,0.333333333,1,0.333333333,0.333333333,0.666666667,0.5,0.4,0.416666667,0.5,7,2,17,2,3,2,2,3,3,1,2,3,3,2,3,2,2,4,4,4,2,3,1,3,3,1,2,2,2,3,4,4,0.5,0.5,71,0,0.666666667,0.666666667,0.666666667,0.333333333,0.5,0.6,0.416666667,0.5,7,2,17,2,3,2,3,3,4,2,2,3,3,2,3,1,4,4,4,2,2,1,4,3,4,2,2,2,4,2,4,0.333333333,0.666666667
85,85,85,5480,1,0.666666667,0,1,1,0.333333333,0.75,0.8,0.75,0.666666667,2,1,21,2,7,4,1,2,3,1,1,2,1,3,1,1,3,4,1,2,2,2,2,1,2,3,3,2,3,3,1,4,3,4,4,4,4,0.666666667,0.666666667,76,0.666666667,0.333333333,1,1,0.666666667,0.75,0.8,0.416666667,0.75,5,2,21,2,7,1,2,1,3,1,1,1,3,1,2,2,1,2,1,2,3,2,2,3,1,3,2,3,3,4,4,4,0.833333333,0.666666667,72,0,0.333333333,0.666666667,0.666666667,0,0.75,0.4,0.333333333,0.416666667,5,2,21,2,7,2,1,2,4,2,2,2,1,2,3,1,2,1,3,3,3,3,2,1,3,1,3,3,4,4,1,0.5,0.333333333
86,86,86,5549,1,0.333333333,0,0.333333333,0.666666667,0.333333333,0.5,0.2,0.75,0.333333333,9,1,18,2,5,4,1,2,3,1,1,2,1,1,1,1,2,2,2,2,1,4,2,3,2,3,3,2,3,3,1,4,4,4,2,1,1,0.333333333,0.333333333,77,0,0.333333333,0.333333333,0.333333333,0.333333333,0.25,0.2,0.583333333,0.25,5,9,18,2,5,1,2,1,4,4,1,2,4,2,4,1,2,3,3,2,3,3,2,3,2,3,4,4,4,2,1,1,0.166666667,0.333333333,73,0.333333333,0,0.333333333,0.333333333,0.333333333,0.25,0.2,0.5,0.25,5,9,18,2,5,2,1,4,1,2,2,4,2,1,1,4,3,4,1,3,3,4,3,3,2,4,4,4,4,1,2,0.166666667,0.333333333
87,87,87,5630,1,0.333333333,0,0,0,0,0,0.2,0.5,0.083333333,9,1,18,2,2,3,2,1,4,1,1,1,2,3,4,4,2,1,2,1,3,1,4,3,3,3,2,3,1,4,4,3,4,1,2,2,3,0.166666667,0,78,0.666666667,0,0,0.333333333,0.333333333,0.5,0,0.25,0.25,2,9,18,2,2,1,1,2,3,4,3,4,3,4,4,1,2,3,2,2,3,1,1,4,2,4,4,3,2,1,1,2,0.5,0,74,0.333333333,0,0.666666667,0.666666667,0,0.75,0.4,0,0.416666667,2,9,18,2,2,1,2,3,2,2,1,2,4,4,2,3,1,2,3,1,3,3,1,2,3,4,2,4,3,3,4,0.5,0.333333333
88,88,88,5634,1,1,1,1,1,1,1,1,1,1,3,1,18,2,2,2,1,4,3,1,1,1,1,1,1,1,1,1,1,2,2,2,2,2,2,3,3,3,3,3,3,4,4,4,4,4,4,1,1,79,1,1,1,1,1,1,1,0.916666667,1,1,3,18,2,2,1,1,1,1,4,1,1,1,1,2,2,2,2,2,2,3,3,3,3,3,3,4,4,4,4,4,4,1,1,75,1,1,1,0.666666667,1,0.75,1,0.916666667,0.916666667,1,3,18,2,2,1,1,1,1,1,1,1,2,2,1,2,2,2,2,3,3,3,3,3,3,4,4,4,4,4,4,0.833333333,1
89,89,89,5724,1,0.666666667,1,1,0.333333333,1,0.25,1,0.916666667,0.75,5,1,18,2,2,2,1,4,3,1,1,1,1,1,1,1,1,1,4,2,2,2,4,2,2,3,3,3,3,2,3,4,4,2,4,4,4,0.5,1,80,1,1,1,0.666666667,1,0.75,1,0.75,0.916666667,1,5,18,2,2,1,1,1,1,1,1,1,1,4,2,2,4,2,2,2,3,3,3,3,3,3,4,2,2,4,4,4,0.833333333,1,76,1,1,1,0.666666667,1,0.75,1,0.666666667,0.916666667,1,5,18,2,2,1,1,1,1,1,1,1,4,2,2,2,2,2,2,3,3,2,3,3,3,2,2,3,4,4,4,0.833333333,1
90,90,90,5728,1,1,0.666666667,0.666666667,1,1,1,0.6,0.666666667,0.833333333,3,1,19,2,1,3,4,1,2,1,1,2,2,4,4,4,4,4,4,1,1,2,1,4,2,2,3,4,2,2,2,3,3,4,3,3,3,1,0.666666667,81,1,1,0.666666667,0.333333333,1,0.5,0.8,0.583333333,0.75,6,3,19,2,1,1,2,2,4,1,2,4,4,1,1,1,1,2,1,3,2,2,4,2,2,2,4,3,2,3,3,3,0.666666667,0.833333333,77,0.666666667,0.666666667,0.666666667,0.333333333,1,0.5,0.4,0.5,0.583333333,6,3,19,2,1,2,2,4,3,4,4,4,2,1,3,4,2,3,3,2,2,4,2,2,2,4,3,2,3,3,1,0.5,0.666666667
91,91,91,5734,1,0,1,0.333333333,0.666666667,0.333333333,0.75,0.4,0.333333333,0.5,8,1,18,1,6,2,1,4,3,1,1,1,1,3,1,1,4,1,1,4,2,4,2,2,3,3,2,1,2,4,3,1,3,3,4,3,3,0.5,0.5,82,0,1,0.333333333,0.333333333,0.333333333,0.5,0.4,0.166666667,0.416666667,1,8,18,1,6,1,1,1,4,4,4,4,1,3,3,2,1,2,2,3,3,2,1,2,1,3,1,1,1,4,3,2,0.333333333,0.5,78,0.666666667,0.666666667,0.666666667,0.333333333,0.333333333,0.75,0.6,0.333333333,0.583333333,1,8,18,1,6,1,1,3,1,1,1,4,4,4,2,1,2,2,2,4,1,1,2,3,3,1,4,3,1,4,3,0.666666667,0.5
92,92,92,5799,1,1,1,1,1,1,1,1,0.75,1,3,1,18,1,5,4,3,2,1,1,2,1,3,3,2,3,3,3,3,2,4,4,4,4,4,1,1,1,1,1,1,2,2,3,2,2,2,1,1,83,1,1,1,1,1,1,1,0.583333333,1,3,3,18,1,5,2,1,3,4,2,3,3,3,3,4,4,3,4,4,4,1,1,1,1,1,1,2,4,3,2,2,2,1,1,79,1,1,1,1,1,1,1,0.5,1,3,3,18,1,5,1,3,4,2,3,3,3,3,4,3,3,4,4,4,1,1,2,1,1,1,2,2,4,2,2,2,1,1
93,93,93,5872,1,0.333333333,1,0.666666667,0.666666667,0.666666667,0.5,0.8,0.916666667,0.666666667,4,1,19,1,1,3,2,1,4,1,1,1,2,4,3,4,1,4,4,1,1,1,3,1,3,2,2,2,2,3,2,3,3,3,3,3,3,0.5,0.833333333,NA,NA,NA,NA,NA,NA,NA,NA,NA,NA,NA,NA,NA,NA,NA,NA,NA,NA,NA,NA,NA,NA,NA,NA,NA,NA,NA,NA,NA,NA,NA,NA,NA,NA,NA,NA,NA,NA,NA,NA,NA,NA,NA,NA,NA,NA,NA,NA,NA,NA,NA,NA,NA,NA,NA,NA,NA,NA,NA,NA,NA,NA,NA,NA,NA,NA,NA,NA,NA,NA,NA,NA,NA,NA,NA,NA,NA,NA,NA,NA,NA,NA,NA,NA,NA,NA,NA
94,94,94,5878,1,0.333333333,0.333333333,0,0.333333333,0,0.5,0.2,0.25,0.25,2,1,18,2,1,4,3,2,1,1,2,1,3,2,1,2,2,1,2,4,4,2,4,4,1,3,1,3,3,1,3,1,3,1,4,3,1,0.333333333,0.166666667,84,0,0,0,0.333333333,0,0.25,0,0.333333333,0.083333333,3,2,18,2,1,2,1,3,2,3,1,2,1,1,4,3,1,4,3,1,3,1,4,4,4,3,1,3,2,4,3,3,0.166666667,0,80,0,0,0,0.333333333,0.333333333,0,0,0.25,0.083333333,3,2,18,2,1,1,3,3,4,3,1,1,1,3,1,2,3,2,2,3,1,4,1,4,4,1,3,4,3,3,3,0,0.166666667
95,95,95,5921,1,0,0.333333333,0.666666667,0.666666667,0.333333333,0.5,0.4,0.333333333,0.416666667,3,1,20,2,1,1,4,3,2,1,2,1,4,2,1,2,3,2,2,2,4,3,3,2,3,1,2,4,3,2,3,4,4,3,1,4,4,0.333333333,0.5,85,0.666666667,0.666666667,0.666666667,0,0.333333333,0.5,0.6,0.333333333,0.5,4,3,20,2,1,2,1,4,2,2,3,1,2,3,3,4,2,2,1,1,4,3,2,1,4,4,3,3,2,1,1,1,0.5,0.5,81,0.666666667,0.333333333,0.666666667,0,0.666666667,0,0.6,0.333333333,0.416666667,4,3,20,2,1,1,4,2,1,1,2,2,3,3,1,3,4,2,1,1,3,3,2,2,3,3,1,4,1,1,1,0.333333333,0.5
96,96,96,6013,1,1,0.666666667,1,0.333333333,0.666666667,0.75,0.8,0.583333333,0.75,9,1,20,1,5,1,4,3,2,1,2,1,4,3,2,1,2,2,4,3,3,2,3,1,3,1,4,4,2,4,4,3,1,1,1,1,1,0.833333333,0.666666667,NA,NA,NA,NA,NA,NA,NA,NA,NA,NA,NA,NA,NA,NA,NA,NA,NA,NA,NA,NA,NA,NA,NA,NA,NA,NA,NA,NA,NA,NA,NA,NA,NA,NA,NA,NA,NA,NA,NA,NA,NA,NA,NA,NA,NA,NA,NA,NA,NA,NA,NA,NA,NA,NA,NA,NA,NA,NA,NA,NA,NA,NA,NA,NA,NA,NA,NA,NA,NA,NA,NA,NA,NA,NA,NA,NA,NA,NA,NA,NA,NA,NA,NA,NA,NA,NA,NA
97,97,97,6020,1,1,0,0.666666667,0.333333333,0.666666667,0.25,0.6,0.5,0.5,3,1,20,2,6,4,3,2,1,1,2,1,3,4,4,4,3,4,4,2,3,3,3,3,3,1,1,1,1,1,4,2,2,2,2,2,2,0.5,0.5,86,1,0,1,0,0.333333333,0.25,0.8,0.416666667,0.5,3,3,20,2,6,2,1,3,4,4,4,3,4,4,2,3,3,3,3,4,1,1,1,3,1,4,2,2,4,2,2,2,0.5,0.5,82,0.666666667,0,0.666666667,0,0,0.25,0.6,0.416666667,0.333333333,3,3,20,2,6,1,3,4,4,4,4,4,4,2,3,3,3,3,3,1,1,1,3,1,4,2,2,4,2,2,2,0.333333333,0.333333333
98,98,98,6069,1,0.666666667,0.333333333,0.333333333,1,1,0.5,0.4,0.5,0.583333333,3,1,21,1,6,1,4,3,2,1,2,1,4,2,2,4,2,2,2,3,3,3,3,1,1,1,1,4,4,2,1,4,4,4,1,4,1,0.666666667,0.5,87,0.333333333,0.333333333,0,0.666666667,1,0.25,0,0.25,0.333333333,4,7,21,1,6,2,1,4,1,3,2,2,2,2,3,4,1,2,2,4,1,3,1,4,3,1,3,3,1,4,4,4,0.333333333,0.333333333,83,0.333333333,0.333333333,0.333333333,0.666666667,1,0.25,0.2,0.25,0.416666667,4,7,21,1,6,1,4,4,4,2,2,2,2,3,2,4,2,2,1,1,4,1,4,1,1,3,4,4,1,4,4,0.333333333,0.5
99,99,99,6070,1,0,0,0.666666667,0,0,0,0.4,0.25,0.166666667,4,1,19,2,1,1,2,3,4,1,2,2,4,4,1,3,4,4,1,3,4,1,2,4,3,3,2,2,3,2,2,1,1,4,2,1,3,0,0.333333333,88,0,0.333333333,0.333333333,0.333333333,0.333333333,0,0.4,0.25,0.25,8,4,19,2,1,2,2,4,3,2,1,3,3,1,3,1,2,4,3,2,1,3,2,4,2,2,3,3,1,1,3,4,0,0.5,84,0,0,0.333333333,0,0,0,0.2,0.416666667,0.083333333,8,4,19,2,1,2,4,3,2,1,3,3,4,3,1,3,2,1,2,1,3,4,1,2,2,1,4,4,1,4,4,0,0.166666667
100,100,100,6177,1,1,0.666666667,1,0.666666667,1,0.75,0.8,0.833333333,0.833333333,2,1,20,2,1,3,2,1,4,1,1,1,2,4,4,4,4,4,4,4,1,1,2,4,1,3,2,2,2,2,2,3,3,3,3,3,3,0.833333333,0.833333333,89,1,0.333333333,1,0,0.333333333,0.25,1,0.75,0.583333333,2,2,20,2,1,1,1,2,4,4,3,4,1,1,1,1,1,4,1,1,2,2,3,3,2,4,3,3,2,3,3,3,0.5,0.666666667,85,0.333333333,0.666666667,0.666666667,0,0.333333333,0,0.8,0.416666667,0.416666667,2,2,20,2,1,1,2,2,3,2,3,4,1,3,4,1,4,1,1,2,2,3,4,4,4,3,3,4,1,3,3,0.166666667,0.666666667
101,101,101,6232,1,1,1,1,1,1,1,1,0.75,1,2,1,19,2,1,4,1,2,3,1,1,2,1,1,1,1,1,1,1,4,4,2,2,2,2,3,3,3,3,3,3,4,2,4,4,4,4,1,1,90,1,0.666666667,1,1,0.666666667,1,1,0.833333333,0.916666667,5,2,19,2,1,1,2,1,1,1,1,1,2,1,4,4,2,2,2,2,3,3,3,3,3,3,4,4,4,4,4,4,1,0.833333333,86,1,1,1,1,1,1,1,0.75,1,5,2,19,2,1,2,1,1,1,1,1,1,1,4,4,2,2,2,2,3,3,4,3,3,3,4,4,4,4,4,4,1,1
102,102,102,6250,1,0.666666667,0.333333333,0,0.333333333,0.666666667,0.25,0.2,0.333333333,0.333333333,2,1,18,2,2,1,4,3,2,1,2,1,4,2,3,2,1,2,4,2,2,3,1,2,1,1,2,3,4,4,1,2,1,2,3,2,1,0.333333333,0.333333333,NA,NA,NA,NA,NA,NA,NA,NA,NA,NA,NA,NA,NA,NA,NA,NA,NA,NA,NA,NA,NA,NA,NA,NA,NA,NA,NA,NA,NA,NA,NA,NA,NA,NA,NA,NA,NA,NA,NA,NA,NA,NA,NA,NA,NA,NA,NA,NA,NA,NA,NA,NA,NA,NA,NA,NA,NA,NA,NA,NA,NA,NA,NA,NA,NA,NA,NA,NA,NA,NA,NA,NA,NA,NA,NA,NA,NA,NA,NA,NA,NA,NA,NA,NA,NA,NA,NA
103,103,103,6252,1,0.666666667,0,0.666666667,0.333333333,0.333333333,0.25,0.6,0.333333333,0.416666667,7,1,19,1,6,2,3,4,2,0.75,2,2,3,4,3,1,3,4,4,4,1,1,4,1,4,3,1,2,2,4,4,2,1,3,2,3,2,0.5,0.333333333,91,1,0,0,0,0.333333333,0.25,0.2,0.083333333,0.25,7,7,19,1,6,2,2,3,4,2,1,3,4,1,1,1,3,1,2,2,3,4,2,4,1,3,4,2,4,3,3,2,0.5,0,NA,NA,NA,NA,NA,NA,NA,NA,NA,NA,NA,NA,NA,NA,NA,NA,NA,NA,NA,NA,NA,NA,NA,NA,NA,NA,NA,NA,NA,NA,NA,NA,NA,NA,NA,NA,NA,NA,NA,NA,NA,NA,NA
104,104,104,6422,1,0.666666667,1,0.333333333,0.333333333,0.666666667,0.75,0.4,0.75,0.583333333,7,1,18,1,1,2,3,4,1,1,2,2,3,3,3,3,3,3,3,4,4,2,2,4,2,1,1,1,2,1,1,3,2,4,2,4,4,0.666666667,0.5,92,0.333333333,0.666666667,0.333333333,0.333333333,0.666666667,0.25,0.4,0.416666667,0.416666667,7,7,18,1,1,2,2,3,3,4,3,4,3,2,2,2,2,1,4,4,2,1,1,1,1,3,3,2,3,3,4,3,0.166666667,0.666666667,87,0.333333333,0.333333333,0.333333333,0.333333333,0.666666667,0,0.4,0.25,0.333333333,7,7,18,1,1,2,3,4,2,3,3,2,2,3,1,1,2,4,3,4,4,1,1,2,3,3,2,3,1,2,3,0.166666667,0.5
105,105,105,6429,1,0.666666667,1,0.666666667,0,0.666666667,0.25,0.8,0.833333333,0.583333333,6,1,19,2,1,4,3,2,1,1,2,1,3,3,3,4,3,3,2,4,4,4,2,4,4,1,3,1,4,3,1,2,2,2,2,3,2,0.5,0.666666667,93,0.666666667,0.333333333,1,0.333333333,0.666666667,0.25,0.8,0.583333333,0.583333333,3,6,19,2,1,2,1,3,3,2,2,3,3,4,4,4,1,4,3,4,1,4,1,2,3,3,3,2,2,2,2,2,0.5,0.666666667,88,0.666666667,0.666666667,1,0.333333333,0.333333333,0.75,0.8,0.5,0.666666667,3,6,19,2,1,1,3,3,3,4,4,3,4,4,4,1,4,3,4,1,2,1,2,1,1,3,4,3,2,2,2,0.666666667,0.666666667
106,106,106,6635,1,1,1,0.666666667,1,1,1,0.8,0.833333333,0.916666667,4,1,18,2,7,3,2,1,4,1,1,1,2,3,4,4,4,4,4,3,1,1,1,1,3,2,2,2,2,2,2,3,3,3,3,3,3,1,0.833333333,94,0.666666667,1,1,0.333333333,1,0.5,0.8,0.416666667,0.75,2,4,18,2,7,1,1,2,1,4,4,4,4,2,4,4,1,3,1,1,2,4,2,2,2,2,4,2,4,3,3,1,0.5,1,89,1,0,1,0.333333333,0.666666667,0.25,0.8,0.416666667,0.583333333,2,4,18,2,7,1,2,1,4,1,4,1,2,3,1,3,4,3,1,2,2,2,2,2,4,1,2,4,3,3,3,0.5,0.666666667
107,107,107,6670,1,0.666666667,0,1,0.666666667,0.666666667,0.5,0.6,0.416666667,0.583333333,2,1,18,2,6,4,1,2,3,1,1,2,1,1,4,1,1,2,3,4,2,3,2,4,2,2,2,3,3,3,1,4,1,1,4,4,3,0.5,0.666666667,95,0.666666667,0.333333333,0.666666667,0.666666667,0.666666667,0.5,0.6,0.25,0.583333333,5,2,18,2,6,1,2,1,2,2,3,1,4,3,4,2,1,2,2,2,2,4,3,3,3,4,4,3,1,4,1,3,0.5,0.666666667,90,0.666666667,0,0.333333333,0.666666667,0.666666667,0.5,0.2,0.166666667,0.416666667,5,2,18,2,6,2,1,4,2,3,1,2,3,4,3,1,2,4,2,4,2,3,3,3,4,1,3,4,1,2,3,0.5,0.333333333
108,108,108,6680,1,0.666666667,0.666666667,0,0.666666667,0.666666667,0.75,0.2,0.416666667,0.5,7,1,18,2,1,3,4,1,2,1,1,2,2,4,4,4,4,3,3,1,3,2,1,1,3,1,2,1,2,2,2,4,1,4,1,1,1,0.666666667,0.333333333,96,0.333333333,0.666666667,0,0.333333333,0.666666667,0.5,0,0.25,0.333333333,6,7,18,2,1,1,2,2,1,3,3,1,4,3,1,3,2,4,3,3,1,2,4,2,2,2,3,1,4,4,1,1,0.333333333,0.333333333,91,0.333333333,0.666666667,0.333333333,0.333333333,1,0.25,0.2,0.166666667,0.416666667,6,7,18,2,1,2,2,3,3,3,4,4,3,1,3,4,2,4,2,1,2,3,2,4,2,4,4,2,3,4,1,0.333333333,0.5
109,109,109,6752,1,0.666666667,1,0.666666667,1,1,1,0.6,1,0.833333333,6,1,19,2,1,4,3,2,1,1,2,1,3,3,3,3,3,3,3,4,4,4,4,4,4,1,1,1,1,1,1,2,2,2,2,1,1,0.833333333,0.833333333,NA,NA,NA,NA,NA,NA,NA,NA,NA,NA,NA,NA,NA,NA,NA,NA,NA,NA,NA,NA,NA,NA,NA,NA,NA,NA,NA,NA,NA,NA,NA,NA,NA,NA,NA,NA,NA,NA,NA,NA,NA,NA,NA,NA,NA,NA,NA,NA,NA,NA,NA,NA,NA,NA,NA,NA,NA,NA,NA,NA,NA,NA,NA,NA,NA,NA,NA,NA,NA,NA,NA,NA,NA,NA,NA,NA,NA,NA,NA,NA,NA,NA,NA,NA,NA,NA,NA
110,110,110,6823,1,1,1,1,1,1,1,1,0.583333333,1,7,1,21,1,1,4,3,2,1,1,2,1,3,4,3,3,3,3,3,2,2,3,4,4,4,1,1,1,1,1,1,2,2,3,2,2,2,1,1,97,1,1,1,0.666666667,1,0.75,1,0.583333333,0.916666667,3,7,21,1,1,2,1,3,4,3,2,3,3,3,2,2,4,2,4,4,1,1,1,1,1,1,2,2,3,2,2,2,0.833333333,1,92,0.666666667,1,1,0.666666667,0.666666667,0.75,1,0.583333333,0.833333333,3,7,21,1,1,1,3,3,3,2,4,3,3,2,2,3,2,4,4,1,1,1,1,1,1,2,2,3,2,2,2,0.666666667,1
111,111,111,6922,1,1,0.333333333,1,0.333333333,0.333333333,0.75,0.8,0.75,0.666666667,6,1,19,2,1,2,3,4,1,1,2,2,3,3,1,3,3,4,4,4,4,3,4,2,4,1,3,1,4,1,1,2,2,2,2,2,2,0.833333333,0.5,98,1,0.333333333,0.666666667,0.333333333,0.666666667,0.5,0.6,0.416666667,0.583333333,7,5,19,2,1,2,2,3,3,1,2,3,3,2,2,4,3,4,2,2,1,3,1,4,1,3,2,4,3,2,2,2,0.666666667,0.5,93,1,0.666666667,0.666666667,0.333333333,0.666666667,0.75,0.6,0.416666667,0.666666667,7,5,19,2,1,2,3,3,2,4,3,3,1,2,4,2,4,2,2,1,3,1,4,1,1,2,4,3,2,2,2,0.833333333,0.5
112,112,112,6931,1,1,1,1,1,1,1,1,0.833333333,1,5,1,18,2,1,4,1,2,3,1,1,2,1,1,1,1,1,1,1,2,2,1,2,2,2,4,3,3,3,3,3,4,4,4,4,4,4,1,1,99,0.666666667,1,1,1,0.666666667,1,1,0.583333333,0.916666667,5,5,18,2,1,1,2,1,1,1,1,2,1,1,2,3,2,2,2,2,4,3,3,3,3,3,1,2,1,4,4,4,0.833333333,1,94,0.666666667,0.333333333,0.666666667,0.333333333,0.333333333,0.5,0.6,0.583333333,0.5,5,5,18,2,1,2,1,2,1,4,2,2,2,4,2,2,1,1,1,4,3,3,3,3,3,4,4,2,4,4,4,0.5,0.5
113,113,113,6955,1,0.333333333,0,1,0.333333333,0.333333333,0.25,0.6,0.5,0.416666667,6,1,18,2,2,3,4,1,2,1,1,2,2,4,2,2,1,2,2,3,3,1,2,3,1,2,2,2,2,2,1,1,3,4,3,3,4,0.166666667,0.666666667,100,0.333333333,0.333333333,0.666666667,0.666666667,0.333333333,0.5,0.6,0.416666667,0.5,6,6,18,2,2,1,2,2,4,3,1,1,3,4,4,2,1,2,1,1,3,2,4,2,2,3,3,1,3,4,3,2,0.333333333,0.666666667,NA,NA,NA,NA,NA,NA,NA,NA,NA,NA,NA,NA,NA,NA,NA,NA,NA,NA,NA,NA,NA,NA,NA,NA,NA,NA,NA,NA,NA,NA,NA,NA,NA,NA,NA,NA,NA,NA,NA,NA,NA,NA,NA
114,114,114,6974,1,0.666666667,1,0.666666667,0.666666667,1,0.75,0.6,0.666666667,0.75,8,1,20,1,6,2,3,4,1,1,2,2,3,3,2,4,3,3,1,4,4,3,4,4,1,1,4,1,1,1,1,2,2,2,2,2,3,0.666666667,0.833333333,101,0.333333333,0.666666667,0.666666667,0.666666667,0.333333333,0.75,0.6,0.416666667,0.583333333,7,8,20,1,4,2,2,3,4,2,2,3,4,3,1,1,4,4,4,3,1,1,3,3,4,1,2,2,4,2,2,4,0.666666667,0.5,95,0,0.333333333,0.333333333,0,0.333333333,0,0.2,0.25,0.166666667,7,8,20,1,4,2,3,4,2,2,1,3,1,3,2,4,1,3,1,2,4,4,2,4,4,2,2,4,1,2,3,0,0.333333333
115,115,115,7222,1,0.666666667,1,0.333333333,0.333333333,1,0.5,0.4,0.333333333,0.583333333,6,1,18,1,2,1,2,3,4,1,2,2,4,2,3,3,2,2,1,3,3,1,1,3,4,1,3,3,4,4,4,2,4,1,3,1,3,0.5,0.666666667,102,0,0.333333333,0.333333333,0,0.333333333,0,0.2,0.416666667,0.166666667,6,10,19,1,2,1,2,4,2,4,1,4,2,4,3,1,2,4,2,3,4,3,4,1,1,3,1,4,2,2,3,3,0,0.333333333,96,0,0.333333333,0.333333333,0,0.333333333,0,0.2,0.25,0.166666667,6,2,19,1,2,2,4,2,3,1,1,2,4,3,4,2,1,4,3,1,4,3,1,2,1,3,4,3,3,3,4,0,0.333333333
116,116,116,7246,1,1,1,1,1,1,1,1,1,1,4,1,18,2,6,4,1,2,3,1,1,2,1,1,1,1,1,1,1,2,2,2,2,2,2,3,3,3,3,3,3,4,4,4,4,4,4,1,1,103,0.333333333,1,0.333333333,1,0.666666667,1,0.4,0.5,0.666666667,5,4,18,2,6,1,2,1,1,4,1,4,1,1,1,4,1,2,2,4,3,3,3,3,3,3,4,3,2,2,4,1,0.666666667,0.666666667,97,1,0.666666667,1,1,1,1,0.8,0.75,0.916666667,5,4,18,2,6,2,1,1,1,1,1,1,1,1,2,1,2,1,2,3,3,3,3,3,3,4,3,4,4,4,4,1,0.833333333
117,117,117,7264,1,1,0.666666667,0.666666667,0.666666667,0.666666667,1,0.6,0.833333333,0.75,6,1,18,2,5,2,1,4,3,1,1,1,1,2,1,1,1,1,1,2,2,2,2,1,2,3,3,2,1,3,3,4,4,4,4,2,4,1,0.5,104,1,0.666666667,0.666666667,0.666666667,0.333333333,1,0.8,0.75,0.75,1,6,18,2,5,1,1,1,1,4,1,1,2,1,2,1,2,2,2,2,3,3,2,2,3,3,4,4,4,4,2,4,1,0.5,98,1,0.666666667,0.666666667,0.666666667,0.333333333,1,0.8,0.666666667,0.75,1,6,18,2,5,1,1,2,4,1,1,2,1,2,1,2,2,2,2,3,3,1,2,3,3,4,4,4,4,2,4,1,0.5
118,118,118,7302,1,0.666666667,0.333333333,0.333333333,0,0,0.25,0.6,0.25,0.333333333,2,1,18,2,2,1,2,3,4,1,2,2,4,3,3,4,4,4,1,2,3,4,4,3,4,1,3,3,2,4,2,1,1,3,3,1,1,0.333333333,0.333333333,NA,NA,NA,NA,NA,NA,NA,NA,NA,NA,NA,NA,NA,NA,NA,NA,NA,NA,NA,NA,NA,NA,NA,NA,NA,NA,NA,NA,NA,NA,NA,NA,NA,NA,NA,NA,NA,NA,NA,NA,NA,NA,NA,NA,NA,NA,NA,NA,NA,NA,NA,NA,NA,NA,NA,NA,NA,NA,NA,NA,NA,NA,NA,NA,NA,NA,NA,NA,NA,NA,NA,NA,NA,NA,NA,NA,NA,NA,NA,NA,NA,NA,NA,NA,NA,NA,NA
119,119,119,7344,1,0.666666667,0.666666667,1,0.333333333,0.666666667,0.25,1,0.416666667,0.666666667,3,1,18,2,2,1,4,3,2,1,2,1,4,2,1,2,2,2,3,3,3,2,3,3,3,1,4,3,3,2,2,3,3,2,1,1,1,0.5,0.833333333,105,0.333333333,0.333333333,1,0,0,0,1,0.416666667,0.416666667,4,3,18,2,2,2,1,4,2,1,2,3,1,3,1,3,2,4,3,3,1,2,4,3,2,2,2,1,2,1,1,1,0.166666667,0.666666667,99,0.666666667,0.333333333,0.666666667,0.666666667,0,0.75,0.8,0.25,0.583333333,4,3,18,2,2,1,4,3,1,3,3,3,2,1,3,3,3,3,1,1,3,3,3,4,2,2,1,2,1,1,1,0.666666667,0.5
120,120,120,7710,1,0.333333333,0.666666667,0.666666667,0.666666667,0.666666667,0.75,0.4,0.583333333,0.583333333,5,1,20,2,5,3,2,1,4,1,1,1,2,4,3,4,3,4,4,1,1,4,4,3,2,2,3,2,2,2,2,4,3,2,3,3,2,0.5,0.666666667,106,0.333333333,0.333333333,0.333333333,0.666666667,0.333333333,0.75,0.2,0.333333333,0.416666667,2,5,20,2,5,1,1,2,4,2,2,1,2,4,3,1,4,4,4,3,3,2,4,2,2,2,4,3,2,4,3,4,0.5,0.333333333,100,0.333333333,0.333333333,0,0.333333333,0,0.5,0.2,0.333333333,0.25,2,5,20,2,5,1,2,1,4,3,2,3,4,3,2,2,2,2,2,3,2,2,3,4,2,3,2,2,4,1,3,0.5,0
121,121,121,7864,1,1,1,0.666666667,1,1,1,0.8,0.75,0.916666667,6,1,18,2,1,3,2,1,4,1,1,1,2,4,3,4,4,4,4,1,1,4,1,1,4,2,2,2,2,2,2,3,3,2,3,3,3,1,0.833333333,107,0.666666667,0.666666667,0.666666667,0.666666667,0,1,0.8,0.416666667,0.666666667,2,6,18,2,1,1,1,2,4,3,3,3,3,4,1,3,1,1,1,3,2,4,3,3,2,2,4,3,2,3,3,3,0.833333333,0.5,101,0.666666667,0.666666667,0.666666667,0.666666667,0,1,0.8,0.5,0.666666667,2,6,18,2,1,1,2,4,3,3,3,1,4,1,4,1,1,1,3,2,2,3,3,2,2,4,3,2,3,3,3,0.833333333,0.5
122,122,122,8007,1,1,1,1,1,1,1,1,0.666666667,1,7,1,18,2,2,1,4,3,2,1,2,1,4,2,2,2,2,2,2,1,1,3,3,3,3,1,4,3,4,4,4,1,1,1,1,1,1,1,1,108,1,1,1,0.666666667,1,0.75,1,0.75,0.916666667,4,7,18,2,2,2,1,4,2,2,2,2,2,2,1,1,3,4,3,3,1,4,4,4,4,4,1,1,1,1,1,1,0.833333333,1,102,1,1,1,0.666666667,1,0.75,1,0.5,0.916666667,4,7,18,2,2,1,4,2,2,2,2,2,2,1,1,2,4,3,3,1,4,3,4,4,4,1,4,1,1,1,1,0.833333333,1
123,123,123,8041,1,0.666666667,0.333333333,0,0.666666667,0.666666667,0.5,0.2,0.333333333,0.416666667,3,1,19,1,1,1,2,3,4,1,2,2,4,2,4,4,2,4,4,1,3,2,3,4,1,3,3,4,4,2,4,4,1,3,2,3,1,0.666666667,0.166666667,NA,NA,NA,NA,NA,NA,NA,NA,NA,NA,NA,NA,NA,NA,NA,NA,NA,NA,NA,NA,NA,NA,NA,NA,NA,NA,NA,NA,NA,NA,NA,NA,NA,NA,NA,NA,NA,NA,NA,NA,NA,NA,NA,NA,NA,NA,NA,NA,NA,NA,NA,NA,NA,NA,NA,NA,NA,NA,NA,NA,NA,NA,NA,NA,NA,NA,NA,NA,NA,NA,NA,NA,NA,NA,NA,NA,NA,NA,NA,NA,NA,NA,NA,NA,NA,NA,NA
124,124,124,8046,1,0.666666667,0.666666667,0.666666667,1,1,0.75,0.6,0.75,0.75,2,1,19,2,5,2,3,4,1,1,2,2,3,3,3,3,3,3,3,4,4,4,4,1,4,1,2,2,1,2,1,1,2,2,2,1,2,0.833333333,0.666666667,109,0.333333333,1,0.333333333,0.333333333,0.666666667,0.5,0.4,0.583333333,0.5,7,2,19,2,5,2,2,3,3,3,3,3,3,2,1,4,4,4,4,2,2,1,2,2,3,1,1,1,2,2,4,1,0.5,0.5,103,1,0.333333333,0.333333333,0.666666667,0.666666667,0.75,0.4,0.75,0.583333333,7,2,19,2,5,2,3,3,3,3,3,3,3,2,4,4,4,1,3,1,1,2,2,1,2,4,2,2,2,1,2,0.833333333,0.333333333
125,125,125,8118,1,0.333333333,0.666666667,0.666666667,0.666666667,1,0.25,0.6,0.5,0.583333333,6,1,20,2,6,4,1,2,3,1,1,2,1,3,4,1,1,1,3,2,2,2,2,2,2,1,1,4,3,1,1,4,4,2,4,3,3,0.333333333,0.833333333,110,0.333333333,0.333333333,1,1,0.333333333,0.5,1,0.333333333,0.666666667,5,6,20,2,6,1,2,1,3,4,4,3,3,1,2,2,3,2,2,2,1,3,2,3,1,1,3,4,1,4,4,4,0.5,0.833333333,104,0,0.333333333,1,0.333333333,0.333333333,0,0.8,0.333333333,0.416666667,5,6,20,2,6,2,1,1,4,4,2,2,4,2,2,3,3,2,2,1,1,1,3,1,1,4,1,3,4,4,2,0,0.833333333
126,126,126,8164,1,1,1,1,1,1,1,1,1,1,4,1,18,2,1,3,2,1,4,1,1,1,2,4,4,4,4,4,4,1,1,1,1,1,1,2,2,2,2,2,2,3,3,3,3,3,3,1,1,111,0.333333333,0.666666667,0.333333333,0.666666667,0.333333333,0.75,0.4,0.5,0.5,6,4,18,2,1,1,1,2,3,3,3,3,3,3,1,1,1,1,1,1,2,2,2,2,2,2,4,4,4,4,4,4,0.5,0.5,105,1,1,1,1,1,1,1,1,1,2,4,18,2,1,1,2,4,4,4,4,4,4,1,1,1,1,1,1,2,2,2,2,2,2,3,3,3,3,3,3,1,1
127,127,127,8177,1,0.666666667,0.333333333,0.666666667,0,0.666666667,0,0.6,0.416666667,0.416666667,9,1,20,2,1,2,1,4,3,1,1,1,1,1,1,1,1,1,3,3,3,3,1,3,3,4,2,4,2,4,2,2,4,4,4,4,4,0.333333333,0.5,112,1,0.333333333,0.333333333,0.333333333,0.666666667,0.5,0.4,0.416666667,0.5,1,9,20,2,1,1,1,1,1,1,2,1,1,3,2,3,4,2,3,3,4,3,4,2,3,2,1,4,3,2,4,4,0.666666667,0.333333333,106,0.666666667,0.666666667,0.333333333,0.333333333,0.333333333,0.75,0.4,0.583333333,0.5,1,9,20,2,1,1,1,1,1,4,3,1,3,2,2,3,2,4,4,4,3,2,2,3,3,2,4,4,3,4,4,0.666666667,0.333333333
128,128,128,8352,1,0.666666667,0.333333333,0.333333333,1,0.666666667,0.5,0.6,0.5,0.583333333,2,1,18,2,1,3,4,1,2,1,1,2,2,4,3,4,4,3,4,4,2,1,1,1,1,2,3,2,2,1,4,3,2,1,2,2,3,0.666666667,0.5,113,0.666666667,0.333333333,0,0.333333333,0.666666667,0.25,0.2,0.083333333,0.333333333,6,2,18,2,1,1,2,2,4,2,3,4,1,2,4,4,4,3,1,2,4,1,3,2,2,3,1,4,1,2,4,1,0.333333333,0.333333333,107,0.333333333,0.333333333,0.333333333,0,0.333333333,0,0.4,0,0.25,6,2,18,2,1,2,2,1,3,1,3,4,1,4,2,3,2,2,1,3,4,1,4,3,4,1,2,4,2,2,3,0.166666667,0.333333333
129,129,129,8357,1,0.333333333,0,0.333333333,0,0,0,0.4,0.166666667,0.166666667,7,1,18,2,2,1,2,3,4,1,2,2,4,4,3,3,1,4,1,4,2,2,1,2,3,2,4,2,1,1,3,3,1,2,2,2,1,0.166666667,0.166666667,NA,NA,NA,NA,NA,NA,NA,NA,NA,NA,NA,NA,NA,NA,NA,NA,NA,NA,NA,NA,NA,NA,NA,NA,NA,NA,NA,NA,NA,NA,NA,NA,NA,NA,NA,NA,NA,NA,NA,NA,NA,NA,NA,NA,NA,NA,NA,NA,NA,NA,NA,NA,NA,NA,NA,NA,NA,NA,NA,NA,NA,NA,NA,NA,NA,NA,NA,NA,NA,NA,NA,NA,NA,NA,NA,NA,NA,NA,NA,NA,NA,NA,NA,NA,NA,NA,NA
130,130,130,8359,1,0,0.333333333,0.333333333,0,0,0.25,0.2,0.25,0.166666667,4,1,21,1,1,2,1,4,3,1,1,1,1,3,1,4,3,3,4,2,2,3,1,3,2,4,4,1,1,1,3,3,3,2,1,1,1,0.166666667,0.166666667,114,0.333333333,0.333333333,0,0.333333333,0.333333333,0,0.4,0.25,0.25,1,4,21,1,1,1,1,1,1,4,1,3,2,4,4,3,4,1,2,1,1,4,3,3,2,4,1,2,2,2,3,4,0.166666667,0.333333333,NA,NA,NA,NA,NA,NA,NA,NA,NA,NA,NA,NA,NA,NA,NA,NA,NA,NA,NA,NA,NA,NA,NA,NA,NA,NA,NA,NA,NA,NA,NA,NA,NA,NA,NA,NA,NA,NA,NA,NA,NA,NA,NA
131,131,131,8399,1,1,1,1,1,1,1,1,0.75,1,3,1,19,1,7,3,4,1,2,1,1,2,2,4,3,4,4,4,4,1,1,4,1,1,1,3,2,2,2,2,2,3,3,3,3,3,3,1,1,115,1,1,1,0.333333333,1,0.5,1,0.5,0.833333333,6,3,19,1,7,1,2,2,4,3,4,4,4,2,3,1,2,4,1,1,3,2,2,2,2,2,2,3,4,3,3,3,0.666666667,1,108,0.666666667,1,1,0.666666667,1,0.5,1,0.333333333,0.833333333,6,3,19,1,7,2,2,4,3,4,4,4,1,3,3,4,1,1,1,3,1,2,2,4,2,4,3,4,3,3,3,0.666666667,1
132,132,132,8433,1,0.666666667,0.666666667,0.666666667,0.333333333,0.333333333,0.75,0.6,0.416666667,0.583333333,7,1,18,2,2,1,2,3,4,1,2,2,4,2,4,2,1,2,2,3,1,2,2,2,3,4,1,1,1,4,4,2,1,4,2,1,1,0.666666667,0.5,116,0.333333333,0.333333333,0.666666667,0.333333333,0.666666667,0.25,0.4,0.25,0.416666667,8,7,18,2,2,2,2,4,1,4,4,2,2,1,1,3,2,3,1,3,2,1,4,3,2,2,4,2,1,2,1,4,0.333333333,0.5,109,0.666666667,0.333333333,0.333333333,0,0.666666667,0.25,0.2,0.416666667,0.333333333,8,7,18,2,2,2,4,3,2,2,2,2,3,3,3,4,4,1,4,2,1,2,3,4,2,4,1,3,4,1,3,0.333333333,0.333333333
133,133,133,8446,1,1,1,1,1,1,1,1,0.583333333,1,4,1,18,2,1,3,4,1,2,1,1,2,2,4,4,1,4,4,4,4,4,4,1,1,1,2,2,2,2,2,2,3,1,3,3,3,3,1,1,117,1,1,1,1,1,1,1,0.583333333,1,6,4,18,2,1,1,2,2,4,2,1,4,4,4,4,4,4,1,1,1,2,2,2,2,2,2,3,3,3,3,3,3,1,1,110,1,0.666666667,1,0.666666667,0.333333333,1,1,0.416666667,0.833333333,6,4,18,2,1,2,2,1,2,4,4,1,4,4,4,4,1,1,1,2,2,2,1,2,2,3,1,4,3,3,3,1,0.666666667
134,134,134,8475,1,0.333333333,0.666666667,0,0.666666667,1,0.5,0,0.416666667,0.416666667,5,1,18,2,2,4,3,2,1,1,2,1,3,3,2,3,3,3,3,3,3,3,1,3,1,1,1,1,1,4,1,4,1,4,1,1,1,0.5,0.333333333,118,0.666666667,0,0,0,0.333333333,0.25,0,0.166666667,0.166666667,3,5,18,2,2,2,1,3,1,2,3,3,2,4,3,1,4,1,3,3,2,2,2,2,1,4,1,1,3,1,1,3,0.333333333,0,111,0.333333333,0,0,0.666666667,0.666666667,0.25,0,0.5,0.25,3,5,18,2,2,1,3,3,4,2,3,4,1,3,4,2,4,3,1,1,1,2,1,2,3,2,3,2,1,3,1,0.333333333,0.166666667
135,135,135,8485,1,0.666666667,0.333333333,1,0,0.666666667,0,0.8,0.583333333,0.5,6,1,18,2,2,1,2,3,4,1,2,2,4,2,4,2,2,2,1,4,4,3,4,4,3,3,3,4,3,3,3,1,1,1,1,1,1,0.333333333,0.666666667,119,0.666666667,0.666666667,0,0,0.666666667,0,0.4,0.5,0.333333333,8,6,18,2,2,2,2,4,2,4,2,2,2,4,1,3,3,4,3,1,3,1,3,3,3,3,3,1,1,4,4,1,0.333333333,0.333333333,112,0.333333333,0.666666667,0.333333333,0.333333333,0.666666667,0.25,0.4,0.25,0.416666667,8,6,18,2,2,2,4,3,2,4,2,2,4,4,3,2,3,3,1,3,1,3,3,3,1,4,1,2,1,4,2,0.333333333,0.5
136,136,136,8504,1,0.333333333,0.666666667,0.666666667,0.666666667,0.333333333,1,0.4,0.416666667,0.583333333,5,1,20,2,7,2,1,4,3,1,1,1,1,1,1,1,3,1,1,4,3,3,2,3,4,4,2,2,2,3,3,4,4,2,4,4,3,0.666666667,0.5,NA,NA,NA,NA,NA,NA,NA,NA,NA,NA,NA,NA,NA,NA,NA,NA,NA,NA,NA,NA,NA,NA,NA,NA,NA,NA,NA,NA,NA,NA,NA,NA,NA,NA,NA,NA,NA,NA,NA,NA,NA,NA,NA,NA,NA,NA,NA,NA,NA,NA,NA,NA,NA,NA,NA,NA,NA,NA,NA,NA,NA,NA,NA,NA,NA,NA,NA,NA,NA,NA,NA,NA,NA,NA,NA,NA,NA,NA,NA,NA,NA,NA,NA,NA,NA,NA,NA
137,137,137,8533,1,0,0.333333333,0,0.333333333,0.333333333,0.25,0,0.25,0.166666667,9,1,18,1,7,1,2,3,4,1,2,2,4,2,2,3,3,2,4,1,2,1,3,1,4,3,4,3,3,3,2,2,4,2,2,3,3,0.166666667,0.166666667,120,0.333333333,0.333333333,0,0.333333333,0,0.25,0.4,0.083333333,0.25,8,9,18,1,7,2,2,4,3,3,2,3,1,4,1,1,4,3,3,4,2,2,2,2,2,2,4,3,3,4,3,1,0.333333333,0.166666667,113,0.333333333,0.333333333,0.333333333,0.333333333,0,0.5,0.4,0.25,0.333333333,8,9,18,1,7,2,4,2,1,3,4,3,4,2,2,1,3,3,3,4,2,3,3,4,2,1,2,2,3,3,2,0.333333333,0.333333333
138,138,138,8539,1,0.666666667,0.333333333,0.333333333,0.333333333,0.666666667,0.25,0.4,0.416666667,0.416666667,8,1,19,2,2,4,1,2,3,1,1,2,1,1,1,2,1,1,1,4,2,4,3,3,4,2,2,3,2,2,2,3,2,4,3,4,4,0.5,0.333333333,121,0.333333333,0.666666667,0,0.666666667,1,0.25,0.2,0.5,0.416666667,5,3,19,2,2,1,2,1,1,1,2,1,1,1,4,3,2,3,2,3,3,2,3,3,4,2,4,2,3,1,2,3,0.333333333,0.5,114,0.333333333,0,0.333333333,0.666666667,0.666666667,0.25,0.2,0.5,0.333333333,5,3,19,2,2,2,1,1,1,3,1,2,1,4,4,4,3,3,2,3,2,3,3,2,2,4,3,4,3,3,3,0.333333333,0.333333333
139,139,139,8648,1,0.333333333,0,0,0,0.333333333,0,0,0.25,0.083333333,9,1,18,2,2,4,1,3,2,0.5,1,2,1,4,2,1,1,2,3,1,3,4,3,1,1,4,3,3,2,2,4,2,2,2,2,3,2,0.166666667,0,122,0.333333333,0.333333333,0.333333333,0.666666667,0.666666667,0.5,0.2,0.25,0.416666667,5,9,18,2,2,1,2,1,3,1,2,3,1,3,3,1,2,2,1,2,2,2,1,3,3,4,1,4,2,3,2,3,0.333333333,0.5,115,0.666666667,0.333333333,0,0.333333333,0.333333333,0.75,0,0.25,0.333333333,5,9,18,2,2,2,1,4,2,4,1,4,1,2,3,1,1,3,3,3,2,1,4,3,3,4,3,2,2,1,2,0.666666667,0
140,140,140,8649,1,0,0.666666667,0.666666667,0.666666667,0.333333333,0.5,0.6,0.333333333,0.5,3,1,18,2,4,4,3,2,1,1,2,1,3,3,3,1,2,3,3,2,2,4,4,4,2,4,1,4,4,4,4,1,1,1,2,2,1,0.333333333,0.666666667,123,0,0.333333333,0,0,0.333333333,0,0,0.5,0.083333333,3,3,18,2,4,2,1,3,3,3,1,1,3,2,2,2,2,2,3,2,2,4,1,4,3,4,2,2,2,1,1,1,0,0.166666667,NA,NA,NA,NA,NA,NA,NA,NA,NA,NA,NA,NA,NA,NA,NA,NA,NA,NA,NA,NA,NA,NA,NA,NA,NA,NA,NA,NA,NA,NA,NA,NA,NA,NA,NA,NA,NA,NA,NA,NA,NA,NA,NA
141,141,141,8740,1,0.666666667,1,0.333333333,0.333333333,1,0.5,0.4,0.583333333,0.583333333,3,1,20,2,2,1,4,3,2,1,2,1,4,2,4,4,2,2,1,1,3,3,4,3,4,3,4,4,4,4,4,1,1,2,3,1,3,0.5,0.666666667,124,0.333333333,0.666666667,0,0.666666667,0.666666667,0.75,0,0.5,0.416666667,4,3,20,2,2,2,1,4,2,1,4,3,2,3,4,3,4,3,1,4,1,4,4,4,4,4,1,1,2,3,3,3,0.5,0.333333333,116,1,1,0.333333333,0.333333333,1,0.5,0.6,0.416666667,0.666666667,4,3,20,2,2,1,4,2,1,4,2,2,4,3,3,1,1,3,4,3,4,4,4,4,4,3,3,2,4,1,1,0.666666667,0.666666667
142,142,142,8747,1,0.666666667,1,0.666666667,0.666666667,1,0.75,0.6,0.916666667,0.75,5,1,18,2,1,3,2,1,4,1,1,1,2,4,4,4,4,4,1,1,3,1,1,1,1,2,2,2,2,2,2,3,3,3,3,1,4,0.666666667,0.833333333,125,0.666666667,1,0.666666667,0.333333333,0.666666667,0.75,0.6,0.416666667,0.666666667,2,5,18,2,1,1,1,2,2,4,2,4,4,3,3,3,1,1,1,1,3,2,4,1,2,2,3,1,3,3,1,4,0.666666667,0.666666667,NA,NA,NA,NA,NA,NA,NA,NA,NA,NA,NA,NA,NA,NA,NA,NA,NA,NA,NA,NA,NA,NA,NA,NA,NA,NA,NA,NA,NA,NA,NA,NA,NA,NA,NA,NA,NA,NA,NA,NA,NA,NA,NA
143,143,143,8869,1,1,1,1,1,1,1,1,0.916666667,1,5,1,19,2,1,1,2,3,4,1,2,2,4,2,2,2,2,2,2,3,3,3,3,3,3,4,3,4,4,4,4,1,1,1,1,1,1,1,1,126,1,1,0.666666667,1,1,1,0.8,0.833333333,0.916666667,8,5,19,2,1,2,2,4,2,2,2,2,2,2,3,3,3,3,3,2,4,2,4,4,4,4,3,1,1,1,1,1,1,0.833333333,117,1,1,0.666666667,1,1,1,0.8,0.666666667,0.916666667,8,5,19,2,1,2,4,2,2,2,2,2,2,1,3,2,3,3,4,4,3,4,4,4,4,3,1,1,1,1,1,1,0.833333333
144,144,144,8884,1,0.333333333,0.333333333,0.666666667,0.666666667,1,0.25,0.4,0.583333333,0.5,7,1,18,2,5,3,4,1,2,1,1,2,2,4,4,4,4,4,4,3,4,1,3,2,1,3,2,2,2,4,1,1,2,3,3,1,1,0.333333333,0.666666667,127,0,0.666666667,0.333333333,1,0.666666667,0.5,0.4,0.083333333,0.5,6,7,18,2,5,1,2,2,3,3,1,2,4,4,4,4,2,1,1,3,3,2,3,2,4,1,1,1,2,2,3,4,0.333333333,0.666666667,118,0.333333333,0.333333333,0,0.666666667,0.333333333,0.5,0.2,0.333333333,0.333333333,6,7,18,2,5,2,2,3,4,4,4,3,4,1,4,2,1,1,3,3,2,3,4,4,1,1,1,1,4,1,4,0.5,0.166666667
145,145,145,8906,1,0,0,0,0.333333333,0,0.25,0,0.333333333,0.083333333,6,1,18,1,7,3,4,1,2,1,1,2,2,3,4,3,3,3,4,4,4,4,2,4,4,4,2,1,1,3,3,3,3,2,2,2,2,0.166666667,0,128,0,0,0,0,0,0,0,0.25,0,6,6,18,1,7,1,2,2,3,2,3,3,3,2,2,4,4,3,4,4,4,2,1,1,3,3,3,4,3,1,2,2,0,0,119,0,0,0,0.333333333,0,0.25,0,0.333333333,0.083333333,6,6,18,1,7,2,2,3,3,3,3,3,4,4,4,3,4,4,4,2,2,1,1,3,3,3,2,3,2,2,2,0.166666667,0
146,146,146,8908,1,1,0.666666667,1,0.666666667,1,0.5,1,0.833333333,0.833333333,2,1,18,2,5,2,1,4,3,1,1,1,1,1,1,1,1,1,2,2,2,2,2,2,2,2,3,2,3,3,1,4,4,4,4,4,4,0.666666667,1,NA,NA,NA,NA,NA,NA,NA,NA,NA,NA,NA,NA,NA,NA,NA,NA,NA,NA,NA,NA,NA,NA,NA,NA,NA,NA,NA,NA,NA,NA,NA,NA,NA,NA,NA,NA,NA,NA,NA,NA,NA,NA,NA,NA,NA,NA,NA,NA,NA,NA,NA,NA,NA,NA,NA,NA,NA,NA,NA,NA,NA,NA,NA,NA,NA,NA,NA,NA,NA,NA,NA,NA,NA,NA,NA,NA,NA,NA,NA,NA,NA,NA,NA,NA,NA,NA,NA
147,147,147,8931,1,0.333333333,0.333333333,0.333333333,0,0.333333333,0.25,0.2,0.25,0.25,8,1,19,1,7,2,3,4,1,1,2,2,3,2,4,4,3,2,1,3,4,3,1,1,3,3,4,1,2,3,1,4,3,2,2,4,1,0.333333333,0.166666667,129,0.333333333,0.333333333,0,0.333333333,0.333333333,0.25,0.2,0.25,0.25,7,4,19,1,7,2,2,3,2,3,1,1,4,1,3,1,4,3,4,3,3,3,1,1,1,4,4,3,3,4,3,1,0.166666667,0.333333333,120,0,0.333333333,0,0.333333333,0.333333333,0.25,0,0.25,0.166666667,7,4,19,1,7,2,3,2,3,3,2,3,3,3,3,3,3,3,3,3,3,2,3,2,3,3,3,2,3,3,3,0.166666667,0.166666667
148,148,148,8986,1,1,0.666666667,1,1,1,1,0.8,0.75,0.916666667,9,1,19,2,1,4,1,2,3,1,1,2,1,1,1,1,1,1,1,4,2,2,2,1,2,3,3,4,3,3,3,1,4,4,4,4,4,1,0.833333333,130,1,0.666666667,1,0.666666667,1,0.75,0.8,0.583333333,0.833333333,5,9,19,2,1,1,2,1,1,1,1,1,1,1,4,2,1,4,1,2,3,3,4,3,3,3,1,2,4,4,4,4,0.833333333,0.833333333,121,1,1,1,0.666666667,1,0.75,1,0.25,0.916666667,5,9,19,2,1,2,1,1,3,2,1,1,1,1,4,1,1,2,2,3,3,2,3,3,3,1,2,1,4,4,4,0.833333333,1
149,149,149,9002,1,0.666666667,0.333333333,0.666666667,0.333333333,0.666666667,0.25,0.6,0.333333333,0.5,5,1,18,2,5,2,1,4,3,1,1,1,1,1,4,1,1,1,1,2,3,3,3,3,3,2,4,4,2,2,2,4,3,3,4,4,4,0.5,0.5,131,0.333333333,0.333333333,0.666666667,0.333333333,0.666666667,0.25,0.4,0.333333333,0.416666667,1,5,18,2,5,1,1,1,1,4,4,1,1,1,4,3,3,1,3,3,4,2,3,2,2,2,4,4,3,4,4,3,0.333333333,0.5,122,0.333333333,0.333333333,0.666666667,0.333333333,0.666666667,0.25,0.4,0.25,0.416666667,1,5,18,2,5,1,1,4,4,4,1,1,1,3,3,2,4,3,3,4,2,3,2,1,2,1,4,3,4,4,3,0.333333333,0.5
150,150,150,9005,1,1,1,1,1,1,1,1,0.75,1,9,1,20,2,2,1,4,3,2,1,2,1,4,2,1,3,2,2,2,3,3,3,3,3,3,4,4,3,4,4,4,1,1,1,1,1,1,1,1,132,1,0.666666667,0.666666667,0.666666667,1,0.5,0.8,0.5,0.75,4,9,20,2,2,2,1,4,2,1,3,2,2,3,3,2,2,3,3,4,4,4,3,4,4,2,1,1,2,1,1,1,0.666666667,0.833333333,123,1,1,0.666666667,1,1,1,0.8,0.583333333,0.916666667,4,9,20,2,2,1,4,2,1,3,2,2,2,3,1,3,3,3,2,4,4,3,4,4,4,1,1,2,1,1,1,1,0.833333333
151,151,151,9026,1,1,0.666666667,0.666666667,1,1,0.75,0.8,0.75,0.833333333,7,1,18,2,6,3,2,1,4,1,1,1,2,4,4,1,4,4,4,1,1,1,1,1,3,2,2,2,2,2,3,3,2,2,3,3,3,0.833333333,0.833333333,133,1,0.666666667,1,1,1,0.75,1,0.5,0.916666667,2,7,18,2,6,1,1,2,4,3,3,4,4,4,4,1,1,1,1,1,2,2,3,2,2,4,3,2,2,3,3,3,0.833333333,1,124,1,1,1,1,1,1,1,0.5,1,2,7,18,2,6,1,2,4,3,1,4,4,4,1,3,1,1,1,1,2,2,2,2,2,2,1,1,4,3,3,3,1,1
152,152,152,9319,1,0.666666667,0.333333333,1,0.666666667,0.666666667,0.75,0.6,0.5,0.666666667,4,1,21,2,4,1,4,3,2,1,2,1,4,2,3,3,2,2,2,3,3,4,3,4,3,1,3,4,2,4,2,1,1,4,1,1,2,0.666666667,0.666666667,134,0.333333333,0,0.666666667,0.333333333,0.333333333,0.25,0.4,0.333333333,0.333333333,4,4,21,2,4,2,1,4,4,1,3,3,4,3,3,4,2,2,4,2,4,2,4,4,4,2,3,1,3,1,1,2,0.166666667,0.5,125,0.666666667,0.666666667,1,0.333333333,0.666666667,0.75,0.6,0.25,0.666666667,4,4,21,2,4,1,4,2,1,4,2,2,4,3,4,2,3,2,3,3,3,3,3,4,4,2,1,4,1,1,3,0.666666667,0.666666667
153,153,153,9341,1,1,1,0.666666667,0.666666667,1,0.75,0.8,0.5,0.833333333,3,1,19,2,5,4,3,2,1,1,2,1,3,3,3,4,3,3,2,4,2,4,4,4,2,2,1,1,1,1,1,4,4,1,2,2,2,0.833333333,0.833333333,135,1,0.666666667,0.666666667,0.666666667,0.666666667,1,0.6,0.5,0.75,3,3,19,2,4,2,1,3,3,3,2,3,3,3,4,3,3,4,3,2,4,1,1,4,1,1,2,4,4,2,2,2,1,0.5,126,0.666666667,0.666666667,0.333333333,0,0.666666667,0.5,0.2,0.25,0.416666667,3,3,19,2,4,1,3,3,3,1,3,3,2,3,1,2,1,2,2,2,2,1,4,1,1,4,4,1,2,4,4,0.5,0.333333333
154,154,154,9347,1,1,0.666666667,0.666666667,0.333333333,1,0.5,0.6,0.666666667,0.666666667,5,1,18,1,6,3,2,1,4,1,1,1,2,4,4,1,4,4,1,1,1,4,4,3,1,3,2,3,2,2,2,3,3,3,3,1,3,0.666666667,0.666666667,136,0.333333333,0.333333333,0,0.333333333,0.333333333,0.5,0,0.583333333,0.25,2,5,18,1,6,1,1,2,4,1,4,1,4,1,3,1,4,1,3,3,3,2,3,1,2,4,3,3,3,4,1,1,0.333333333,0.166666667,127,0.666666667,0.333333333,0.333333333,0,0.333333333,0.25,0.4,0.416666667,0.333333333,2,5,18,1,6,1,2,4,3,4,1,4,1,1,3,4,3,3,3,1,2,1,1,2,4,3,1,4,3,1,3,0.333333333,0.333333333
155,155,155,9425,1,0.333333333,0,0,0.666666667,0.333333333,0.5,0,0.333333333,0.25,6,1,19,2,2,2,3,4,1,1,2,2,3,2,4,4,2,2,4,3,3,3,4,2,3,3,1,1,1,1,3,2,4,2,4,3,4,0.333333333,0.166666667,137,0.333333333,0.333333333,0,0.333333333,0.666666667,0.25,0,0.333333333,0.25,7,6,19,2,2,2,2,3,2,3,4,4,3,2,4,2,2,1,3,3,3,4,1,1,1,2,4,4,2,3,4,3,0.166666667,0.333333333,128,0.333333333,0,0,0.666666667,0.333333333,0.5,0,0.25,0.25,7,6,19,2,2,2,3,2,3,2,2,4,3,2,1,2,3,2,2,3,1,1,1,1,3,4,4,3,3,4,3,0.333333333,0.166666667
156,156,156,9482,1,0.333333333,0,0.333333333,1,0.333333333,0.75,0.2,0.166666667,0.416666667,5,1,18,2,5,4,3,2,1,1,2,1,3,2,2,4,4,4,3,4,2,3,4,1,3,4,3,4,1,1,2,3,2,1,3,2,3,0.5,0.333333333,138,0,0.333333333,0,0.666666667,0.333333333,0.25,0.2,0.25,0.25,3,5,18,2,5,2,1,3,2,4,1,4,1,3,3,2,1,2,4,2,4,3,1,1,2,2,2,4,2,4,3,4,0.166666667,0.333333333,129,0,0.333333333,0.333333333,0.666666667,0.666666667,0.25,0.2,0.25,0.333333333,3,5,18,2,5,1,3,4,1,2,4,3,3,4,2,1,2,3,3,2,2,1,1,2,3,2,3,1,4,2,3,0.166666667,0.5
157,157,157,9592,1,0,0.666666667,1,0,0.333333333,0.25,0.6,0.416666667,0.416666667,7,1,18,2,2,3,2,1,4,1,1,1,2,4,3,4,1,4,1,4,1,3,2,3,1,3,2,4,1,4,2,3,1,4,3,3,4,0.166666667,0.666666667,139,0.666666667,0.333333333,0,0.333333333,0,0.75,0.2,0.416666667,0.333333333,2,7,17,2,2,1,1,2,4,2,1,1,1,4,3,1,3,2,4,2,3,2,4,3,2,2,1,3,3,4,2,3,0.666666667,0,130,0.333333333,0,0,0,0,0,0.2,0.25,0.083333333,2,7,18,2,2,1,2,3,2,1,1,2,3,1,2,1,2,3,4,2,3,3,4,4,4,4,2,4,1,1,3,0.166666667,0
158,158,158,9995,1,0.666666667,1,1,0.333333333,1,0.5,0.8,0.416666667,0.75,4,1,18,2,6,4,3,2,1,1,2,1,3,3,4,4,3,3,1,2,2,4,2,4,4,2,1,1,1,1,1,4,2,1,2,2,4,0.5,1,140,0.666666667,0.333333333,0.666666667,0,0.666666667,0,0.6,0.166666667,0.416666667,3,4,18,2,6,2,1,3,3,1,2,3,3,1,2,1,4,1,2,1,3,2,2,4,4,4,3,1,3,2,2,2,0.333333333,0.5,131,0.666666667,0.333333333,0,0.333333333,0.666666667,0.25,0.2,0.25,0.333333333,3,4,18,2,6,1,3,3,1,1,3,3,1,2,2,1,4,3,2,1,2,2,2,4,4,2,1,4,1,1,2,0.5,0.166666667
159,159,159,69551,1,1,1,1,1,1,1,1,0.833333333,1,4,2,19,2,6,3,4,1,2,1,1,2,2,4,4,3,4,4,4,1,1,1,1,1,1,2,2,2,2,2,2,1,3,3,3,3,3,1,1,142,1,1,1,1,1,1,1,0.416666667,1,6,4,19,2,6,1,2,2,4,3,3,4,4,4,1,1,4,1,1,1,3,1,2,2,2,2,4,2,3,3,3,3,1,1,NA,NA,NA,NA,NA,NA,NA,NA,NA,NA,NA,NA,NA,NA,NA,NA,NA,NA,NA,NA,NA,NA,NA,NA,NA,NA,NA,NA,NA,NA,NA,NA,NA,NA,NA,NA,NA,NA,NA,NA,NA,NA,NA