"","X1.T1","ID","Animal.T1","Artifact.T1","Object.T1","Plant.T1","Biology.T1","Physics.T1","Psychology.T1","INT.T1","MCI.T1","age","sex","race","AC_1","AC_2","AC_3","AC_4","AC","Version.T1","Condition.T1","Order.T1","1_Test blockV1_INT.T1","2_Test blockV1_INT.T1","3_Test blockV1_INT.T1","4_Test blockV1_MCI.T1","5_Test blockV1_MCI.T1","6_Test blockV1_MCI.T1","7_Test blockV1_INT.T1","8_Test blockV1_INT.T1","9_Test blockV1_INT.T1","10_Test blockV1_MCI.T1","11_Test blockV1_MCI.T1","12_Test blockV1_MCI.T1","13_Test blockV1_INT.T1","14_Test blockV1_INT.T1","15_Test blockV1_INT.T1","16_Test blockV1_MCI.T1","17_Test blockV1_MCI.T1","18_Test blockV1_MCI.T1","19_Test blockV1_INT.T1","20_Test blockV1_INT.T1","21_Test blockV1_INT.T1","22_Test blockV1_MCI.T1","23_Test blockV1_MCI.T1","24_Test blockV1_MCI.T1","Breach.T1","Transfer.T1","X1.T2","Animal.T2","Artifact.T2","Object.T2","Plant.T2","Biology.T2","Physics.T2","Psychology.T2","INT.T2","MCI.T2","Age","Sex","Race","Version.T2","Condition.T2","Order.T2","1_Test blockV1_INT.T2","2_Test blockV1_INT.T2","3_Test blockV1_INT.T2","4_Test blockV1_MCI.T2","5_Test blockV1_MCI.T2","6_Test blockV1_MCI.T2","7_Test blockV1_INT.T2","8_Test blockV1_INT.T2","9_Test blockV1_INT.T2","10_Test blockV1_MCI.T2","11_Test blockV1_MCI.T2","12_Test blockV1_MCI.T2","13_Test blockV1_INT.T2","14_Test blockV1_INT.T2","15_Test blockV1_INT.T2","16_Test blockV1_MCI.T2","17_Test blockV1_MCI.T2","18_Test blockV1_MCI.T2","19_Test blockV1_INT.T2","20_Test blockV1_INT.T2","21_Test blockV1_INT.T2","22_Test blockV1_MCI.T2","23_Test blockV1_MCI.T2","24_Test blockV1_MCI.T2","Breach.T2","Transfer.T2"
"1",1,12,0.333333333333333,0.333333333333333,0.666666666666667,0.333333333333333,0,0.25,0.8,0.333333333333333,0.416666666666667,18,1,2,3,2,1,4,1,1,1,2,2,2,2,2,2,2,1,1,1,1,1,2,4,4,4,4,4,4,3,2,2,3,3,3,0.333333333333333,0.5,1,0,0.333333333333333,0.666666666666667,0.333333333333333,0,0.25,0.6,0.25,0.333333333333333,18,1,2,1,1,2,2,2,2,2,2,2,1,3,1,1,1,2,4,4,4,4,4,4,3,1,2,3,3,2,0.166666666666667,0.5
"2",2,102,0.666666666666667,0.666666666666667,0,0.666666666666667,0.666666666666667,0.5,0.4,0.333333333333333,0.5,18,1,1,4,3,2,1,1,2,1,3,4,4,3,3,1,3,2,3,1,3,4,1,1,2,4,1,3,1,2,2,3,4,4,2,0.666666666666667,0.333333333333333,NA,NA,NA,NA,NA,NA,NA,NA,NA,NA,NA,NA,NA,NA,NA,NA,NA,NA,NA,NA,NA,NA,NA,NA,NA,NA,NA,NA,NA,NA,NA,NA,NA,NA,NA,NA,NA,NA,NA,NA,NA,NA
"3",3,170,1,1,0.666666666666667,0.333333333333333,0.666666666666667,0.75,0.8,1,0.75,19,2,6,1,4,3,2,1,2,1,4,2,2,2,2,2,3,3,3,3,3,3,3,4,4,4,3,4,4,1,1,1,1,2,1,0.833333333333333,0.666666666666667,2,1,1,0.666666666666667,1,1,1,0.8,0.666666666666667,0.916666666666667,19,2,6,2,1,4,2,2,2,2,2,2,1,3,2,3,3,2,2,2,4,4,4,4,1,1,1,1,1,1,1,0.833333333333333
"4",4,178,0.333333333333333,0,0.333333333333333,0,0,0.25,0.2,0.333333333333333,0.166666666666667,18,2,6,4,1,3,4,0.5,1,2,1,3,1,1,3,3,4,4,4,3,1,3,1,2,2,2,2,3,1,3,4,4,1,4,3,0.166666666666667,0.166666666666667,3,0,0.666666666666667,0.666666666666667,0.333333333333333,0.333333333333333,0.5,0.4,0.416666666666667,0.416666666666667,18,2,6,1,2,1,2,3,1,4,1,1,2,3,1,4,3,3,3,3,3,1,4,3,2,2,2,4,4,1,0.333333333333333,0.5
"5",5,280,0.333333333333333,1,0.666666666666667,0.666666666666667,0.666666666666667,0.75,0.6,0.583333333333333,0.666666666666667,21,1,2,4,3,2,1,1,2,1,3,3,3,3,3,3,3,4,4,1,4,4,4,2,2,2,4,2,1,2,1,2,2,1,1,0.666666666666667,0.666666666666667,4,0.666666666666667,0.333333333333333,0,0.666666666666667,0.666666666666667,0.5,0.2,0.666666666666667,0.416666666666667,21,1,2,2,1,3,3,4,3,3,3,3,4,4,4,4,3,1,1,4,1,2,2,2,1,4,2,4,4,2,0.666666666666667,0.166666666666667
"6",6,397,0,0,0.333333333333333,0.333333333333333,0,0.25,0.2,0.166666666666667,0.166666666666667,19,1,6,1,2,3,4,1,2,2,4,1,2,4,4,4,2,4,2,3,1,4,4,3,3,1,2,3,3,3,2,3,1,2,3,0.166666666666667,0.166666666666667,5,0.333333333333333,0,0.333333333333333,0.333333333333333,0,0.5,0.2,0.416666666666667,0.25,19,1,6,2,2,4,2,2,2,1,3,1,3,4,3,3,4,4,3,2,2,1,4,3,3,3,3,1,4,3,0.333333333333333,0.166666666666667
"7",7,464,0.666666666666667,0.333333333333333,0.666666666666667,0.666666666666667,0.666666666666667,0.25,0.8,0.583333333333333,0.583333333333333,19,2,4,4,3,2,1,1,2,1,3,3,2,3,3,1,3,2,2,4,3,4,3,4,1,4,1,3,3,2,2,2,2,2,2,0.5,0.666666666666667,6,0.666666666666667,0,0.666666666666667,0.666666666666667,0.666666666666667,0.25,0.6,0.5,0.5,19,2,4,2,1,3,3,4,3,3,1,3,2,1,1,3,3,4,4,1,4,1,3,3,2,2,2,2,4,2,0.5,0.5
"8",8,548,0.333333333333333,0.333333333333333,1,0.333333333333333,0.333333333333333,0.25,0.8,0.416666666666667,0.5,21,2,1,3,2,1,4,1,1,1,2,3,1,4,4,3,1,1,3,3,1,1,1,2,2,4,4,4,1,3,4,4,3,3,2,0.333333333333333,0.666666666666667,7,0.666666666666667,0,0,0.333333333333333,0.666666666666667,0.25,0,0.166666666666667,0.25,21,2,1,1,1,2,1,3,3,4,2,1,4,3,2,2,3,2,1,2,3,2,2,3,2,4,3,1,4,1,0.333333333333333,0.166666666666667
"9",9,553,0.333333333333333,0,1,0.666666666666667,0.333333333333333,0.25,0.8,0.25,0.5,19,2,2,4,1,2,3,1,1,2,1,4,4,2,4,4,2,4,4,3,2,1,2,4,3,4,3,2,1,1,4,4,4,4,4,0.333333333333333,0.666666666666667,8,0.333333333333333,0.666666666666667,0.333333333333333,0.333333333333333,0.666666666666667,0.25,0.4,0.25,0.416666666666667,19,2,2,1,2,1,1,3,2,1,1,4,3,4,1,2,2,3,3,3,2,4,1,1,1,2,1,4,3,2,0.333333333333333,0.5
"10",10,673,0.666666666666667,0.666666666666667,1,1,1,0.75,0.8,0.833333333333333,0.833333333333333,19,1,1,4,1,2,3,1,1,2,1,1,1,1,1,1,1,2,2,2,2,3,2,2,3,3,3,4,3,4,4,1,4,4,4,0.833333333333333,0.833333333333333,9,0.666666666666667,1,1,0.666666666666667,1,0.5,1,0.666666666666667,0.833333333333333,19,1,1,1,2,1,1,2,1,1,1,1,4,2,2,3,2,2,3,3,3,3,2,3,2,4,1,4,4,4,0.666666666666667,1
"11",11,691,0,0.333333333333333,1,0.666666666666667,0.333333333333333,0.5,0.6,0.5,0.5,19,2,7,1,4,3,2,1,2,1,4,2,3,2,4,2,2,4,3,4,3,4,3,3,1,3,3,2,2,1,1,1,1,1,2,0.333333333333333,0.666666666666667,10,0.333333333333333,0.666666666666667,0.666666666666667,1,0.666666666666667,1,0.4,0.666666666666667,0.666666666666667,19,2,7,2,1,4,2,3,2,3,2,2,3,3,3,3,4,4,3,1,3,4,4,4,1,1,1,1,1,2,0.666666666666667,0.666666666666667
"12",12,700,1,0,1,0.666666666666667,0.666666666666667,0.5,0.8,0.666666666666667,0.666666666666667,19,2,1,1,2,3,4,1,2,2,4,3,1,2,2,3,2,3,3,3,2,2,3,4,1,4,4,4,2,1,3,1,1,1,1,0.666666666666667,0.666666666666667,11,0.333333333333333,0,0.666666666666667,0.333333333333333,0,0.5,0.4,0.666666666666667,0.333333333333333,19,2,1,2,2,4,1,2,2,3,3,2,3,3,3,4,2,3,4,1,4,3,4,3,2,2,1,1,2,3,0.333333333333333,0.333333333333333
"13",13,823,0.333333333333333,0.333333333333333,1,0.666666666666667,0.666666666666667,0.25,0.8,0.166666666666667,0.583333333333333,18,2,7,1,2,3,4,1,2,2,4,3,3,2,2,1,2,2,1,4,2,3,3,1,4,1,4,2,1,2,4,3,1,1,3,0.333333333333333,0.833333333333333,12,0.333333333333333,0.333333333333333,0.333333333333333,0,0.333333333333333,0,0.4,0.416666666666667,0.25,18,2,7,2,2,4,1,2,3,3,2,4,1,3,3,1,4,2,4,4,2,1,2,2,4,4,2,1,4,1,0.166666666666667,0.333333333333333
"14",14,833,0.666666666666667,0.333333333333333,0.666666666666667,0.666666666666667,0.666666666666667,0.5,0.6,0.583333333333333,0.583333333333333,18,2,1,1,4,3,2,1,2,1,4,2,1,3,3,2,2,1,3,3,2,2,4,2,4,4,4,4,1,1,1,4,1,1,1,0.5,0.666666666666667,13,0.333333333333333,0,0.333333333333333,0,0,0.25,0.2,0.166666666666667,0.166666666666667,18,2,1,2,1,4,3,1,3,4,3,4,1,3,4,4,2,2,2,2,1,2,4,3,1,2,2,1,3,2,0.166666666666667,0.166666666666667
"15",15,921,0.666666666666667,0.666666666666667,0.333333333333333,0.333333333333333,0.666666666666667,0.75,0.2,0.416666666666667,0.5,19,2,1,3,4,1,2,1,1,2,2,3,1,4,4,4,3,3,3,1,1,3,3,3,2,2,1,2,2,4,3,1,3,4,2,0.666666666666667,0.333333333333333,14,0.333333333333333,0.666666666666667,0.666666666666667,0.333333333333333,0.666666666666667,0.5,0.4,0.5,0.5,19,2,1,1,2,2,1,2,4,4,4,4,3,1,1,4,3,3,3,2,2,4,1,2,1,3,4,3,3,1,0.5,0.5
"16",16,928,0.666666666666667,0.666666666666667,1,0.666666666666667,0.666666666666667,0.5,1,0.333333333333333,0.75,19,2,4,2,3,4,1,1,2,2,3,3,2,2,3,3,3,1,1,1,4,4,4,1,4,4,4,4,4,3,2,2,2,2,2,0.666666666666667,0.833333333333333,15,1,0.333333333333333,0.666666666666667,0.333333333333333,0.333333333333333,0.5,0.8,0.75,0.583333333333333,19,2,4,2,2,3,3,3,3,3,2,3,4,4,4,1,4,2,4,1,1,4,1,4,1,3,2,2,2,2,0.666666666666667,0.5
"17",17,941,0,0,0.333333333333333,0.666666666666667,0,0.5,0.2,0.166666666666667,0.25,18,1,2,1,2,3,4,1,2,2,4,2,1,4,1,4,2,4,1,3,3,1,3,2,2,2,2,2,2,4,4,4,4,4,4,0.333333333333333,0.166666666666667,16,0,0.333333333333333,0,0.333333333333333,0,0.25,0.2,0.166666666666667,0.166666666666667,18,1,2,2,2,4,3,2,1,1,4,2,4,3,4,1,3,2,3,2,2,1,1,1,2,2,4,4,2,4,0.166666666666667,0.166666666666667
"18",18,969,0,1,0.333333333333333,0.666666666666667,0.666666666666667,0.5,0.4,0.666666666666667,0.5,18,2,5,2,3,4,1,1,2,2,3,2,4,3,2,3,2,4,4,4,4,4,4,1,4,1,1,4,1,2,1,2,3,4,3,0.333333333333333,0.666666666666667,17,0,0.666666666666667,0,0.333333333333333,0,0.5,0.2,0.333333333333333,0.25,18,2,5,2,2,3,2,1,4,2,2,4,4,4,2,4,4,1,1,3,4,2,3,1,2,3,3,3,4,4,0.333333333333333,0.166666666666667
"19",19,986,1,0.666666666666667,0.666666666666667,1,1,1,0.6,0.666666666666667,0.833333333333333,18,2,5,3,2,1,4,1,1,1,2,4,4,4,4,4,4,3,1,1,1,4,2,3,1,1,2,2,2,3,3,3,3,3,3,1,0.666666666666667,18,0.666666666666667,0.333333333333333,0.666666666666667,0.333333333333333,1,0.25,0.4,0.5,0.5,18,2,5,1,1,2,4,4,4,4,4,1,3,4,1,2,3,3,3,2,4,2,2,1,4,3,1,3,3,1,0.333333333333333,0.666666666666667
"20",20,1026,0,0,0.666666666666667,0,0,0,0.4,0.25,0.166666666666667,19,2,6,4,3,2,1,1,2,1,3,2,2,2,4,4,1,3,1,3,1,3,3,2,1,4,4,4,4,2,2,3,2,2,1,0,0.333333333333333,19,0.333333333333333,0,0.666666666666667,0,0,0,0.6,0.333333333333333,0.25,19,2,6,2,1,3,3,2,2,4,1,1,1,1,3,1,3,2,2,1,1,3,4,4,2,1,3,2,2,2,0.166666666666667,0.333333333333333
"21",21,1041,0.666666666666667,0.666666666666667,0.333333333333333,1,1,0.75,0.4,0.666666666666667,0.666666666666667,18,2,1,2,1,4,3,1,1,1,1,1,4,1,1,1,1,3,2,1,2,4,3,3,3,4,3,1,3,4,4,4,4,2,4,0.833333333333333,0.5,NA,NA,NA,NA,NA,NA,NA,NA,NA,NA,NA,NA,NA,NA,NA,NA,NA,NA,NA,NA,NA,NA,NA,NA,NA,NA,NA,NA,NA,NA,NA,NA,NA,NA,NA,NA,NA,NA,NA,NA,NA,NA
"22",22,1108,1,0.666666666666667,0,0.666666666666667,1,0.75,0.2,0.5,0.583333333333333,19,2,1,3,2,1,4,1,1,1,2,3,1,2,4,4,4,3,1,4,3,3,3,2,2,2,2,2,2,3,3,4,1,1,3,0.833333333333333,0.333333333333333,20,0.333333333333333,0.666666666666667,0.666666666666667,1,0.333333333333333,1,0.6,0.583333333333333,0.666666666666667,19,2,1,1,1,2,3,1,4,1,3,4,3,1,4,1,1,1,2,2,2,2,2,2,3,4,3,3,1,4,0.666666666666667,0.666666666666667
"23",23,1114,0.666666666666667,0.666666666666667,0,0.666666666666667,0.666666666666667,0.75,0.2,0.416666666666667,0.5,19,2,1,4,3,2,1,1,2,1,3,3,1,1,3,3,3,4,4,2,4,2,2,2,3,1,3,2,1,3,2,3,1,1,2,0.833333333333333,0.166666666666667,21,0.333333333333333,0.333333333333333,0.666666666666667,1,0.666666666666667,0.5,0.6,0.25,0.583333333333333,19,2,1,2,1,3,1,2,2,1,3,3,4,4,2,4,1,3,3,3,2,1,2,3,1,2,3,2,2,2,0.5,0.666666666666667
"24",24,1118,0.333333333333333,0.666666666666667,0.333333333333333,0.666666666666667,0,1,0.4,0.583333333333333,0.5,19,2,1,2,3,4,2,0.75,2,2,3,2,3,2,2,2,3,4,4,3,4,4,4,1,1,1,4,1,1,3,3,2,3,3,3,0.666666666666667,0.333333333333333,NA,NA,NA,NA,NA,NA,NA,NA,NA,NA,NA,NA,NA,NA,NA,NA,NA,NA,NA,NA,NA,NA,NA,NA,NA,NA,NA,NA,NA,NA,NA,NA,NA,NA,NA,NA,NA,NA,NA,NA,NA,NA
"25",25,1154,1,0.666666666666667,0.666666666666667,1,1,1,0.6,0.916666666666667,0.833333333333333,19,1,1,1,2,3,4,1,2,2,4,2,1,2,2,2,2,3,3,3,3,4,4,4,4,4,4,4,4,1,1,1,1,1,1,1,0.666666666666667,22,1,0.666666666666667,0.666666666666667,1,1,1,0.6,0.583333333333333,0.833333333333333,19,1,1,2,2,4,2,4,2,2,2,2,3,3,4,3,4,3,3,1,3,4,4,4,1,1,1,4,1,1,1,0.666666666666667
"26",26,1181,0.666666666666667,1,0.666666666666667,0.333333333333333,0.666666666666667,0.5,0.8,0.5,0.666666666666667,18,2,2,2,1,4,3,1,1,1,1,4,3,3,3,1,4,2,2,1,4,2,4,3,4,3,3,3,3,2,4,4,4,4,4,0.5,0.833333333333333,23,1,0.666666666666667,0.666666666666667,0.333333333333333,1,0.5,0.6,0.666666666666667,0.666666666666667,18,2,2,1,1,1,1,1,3,1,1,4,2,2,1,3,4,4,3,3,3,3,3,3,2,2,4,4,4,4,0.666666666666667,0.666666666666667
"27",27,1234,0.333333333333333,0.666666666666667,0.666666666666667,0.333333333333333,0.333333333333333,0.5,0.6,0.583333333333333,0.5,18,1,5,2,1,4,3,1,1,1,1,1,1,3,4,1,1,2,1,3,1,2,2,4,3,4,4,3,4,4,4,4,4,2,1,0.333333333333333,0.666666666666667,24,0.333333333333333,1,1,1,0.666666666666667,1,0.8,0.583333333333333,0.833333333333333,18,1,5,1,1,1,1,1,4,3,1,1,2,2,3,2,2,2,4,3,2,3,3,3,1,4,4,4,4,2,0.666666666666667,1
"28",28,1237,0.333333333333333,0.666666666666667,0,0.666666666666667,1,0.25,0.2,0.166666666666667,0.416666666666667,18,2,2,2,3,4,1,1,2,2,3,3,2,3,3,3,3,1,2,1,1,4,1,2,2,2,1,2,2,3,4,4,4,1,4,0.333333333333333,0.5,NA,NA,NA,NA,NA,NA,NA,NA,NA,NA,NA,NA,NA,NA,NA,NA,NA,NA,NA,NA,NA,NA,NA,NA,NA,NA,NA,NA,NA,NA,NA,NA,NA,NA,NA,NA,NA,NA,NA,NA,NA,NA
"29",29,1246,0.333333333333333,0.333333333333333,0.666666666666667,0.666666666666667,0.333333333333333,0.5,0.6,0.583333333333333,0.5,21,1,5,2,1,4,3,1,1,1,1,2,1,1,4,2,1,3,2,1,1,3,1,2,3,3,3,1,3,3,4,4,4,4,4,0.5,0.5,25,0.333333333333333,0.666666666666667,0.333333333333333,0.666666666666667,1,0.5,0.2,0.333333333333333,0.5,21,1,5,1,1,1,1,1,3,1,1,1,3,4,3,4,4,2,2,4,3,3,4,3,3,2,4,2,3,2,0.5,0.5
"30",30,1300,0.666666666666667,0.666666666666667,0.333333333333333,1,0.666666666666667,0.75,0.6,0.5,0.666666666666667,18,2,1,3,2,1,4,1,1,1,2,3,4,2,3,4,4,3,1,3,1,1,3,3,2,2,2,2,4,3,3,4,4,3,3,0.666666666666667,0.666666666666667,26,0.666666666666667,0.666666666666667,0.333333333333333,0.666666666666667,0.666666666666667,0.5,0.6,0.416666666666667,0.583333333333333,18,2,1,1,1,2,3,4,3,1,4,2,1,1,4,1,1,3,3,2,3,2,2,4,3,1,4,4,3,3,0.5,0.666666666666667
"31",31,1333,0.666666666666667,1,1,1,1,0.75,1,1,0.916666666666667,18,2,1,4,1,2,3,1,1,2,1,1,1,1,1,1,1,2,2,2,2,2,2,3,3,3,3,4,3,4,4,4,4,4,4,0.833333333333333,1,27,1,1,1,1,1,1,1,0.916666666666667,1,18,2,1,1,2,1,1,1,1,1,1,1,2,2,2,2,2,2,3,3,3,3,3,3,2,4,4,4,4,4,1,1
"32",32,1382,0,0,0.666666666666667,0.333333333333333,0,0.25,0.4,0.25,0.25,18,2,1,3,4,1,2,1,1,2,2,1,3,2,2,2,4,1,4,2,2,4,4,4,4,2,1,4,1,3,4,1,3,3,1,0.166666666666667,0.333333333333333,28,0.333333333333333,0,0.333333333333333,0,0,0,0.4,0.333333333333333,0.166666666666667,18,2,1,1,2,2,1,2,3,3,1,3,2,3,1,4,4,2,1,4,2,1,4,4,4,3,3,4,3,3,0.166666666666667,0.166666666666667
"33",33,1403,0.666666666666667,0.666666666666667,0.666666666666667,1,0.333333333333333,1,0.8,0.583333333333333,0.75,22,1,5,3,4,1,2,1,1,2,2,3,4,4,1,3,4,3,1,3,1,1,1,2,2,3,2,2,2,3,1,3,3,1,3,0.833333333333333,0.666666666666667,29,0.333333333333333,0.666666666666667,0.333333333333333,1,0.333333333333333,1,0.4,0.583333333333333,0.583333333333333,22,1,5,1,2,2,3,4,4,1,3,4,3,1,1,1,1,2,2,4,1,2,2,2,3,2,3,2,3,1,0.666666666666667,0.5
"34",34,1470,0.666666666666667,0.666666666666667,1,0.333333333333333,1,0,1,0.666666666666667,0.666666666666667,20,2,1,4,3,2,1,1,2,1,3,3,3,3,3,3,4,4,2,1,3,4,4,1,3,2,1,3,3,2,2,2,2,2,2,0.333333333333333,1,30,1,0.666666666666667,1,0,0.333333333333333,0.5,1,0.583333333333333,0.666666666666667,20,2,1,2,1,3,3,3,4,3,4,2,2,3,3,1,4,4,1,1,2,3,1,1,2,2,2,2,2,2,0.666666666666667,0.666666666666667
"35",35,1522,0.333333333333333,0.333333333333333,1,1,0.666666666666667,0.5,0.8,0.666666666666667,0.666666666666667,19,2,6,3,2,1,4,1,1,1,2,4,4,1,3,4,4,1,3,1,1,4,1,2,2,2,2,4,4,4,3,4,3,3,3,0.5,0.833333333333333,31,0,0.333333333333333,1,1,0.666666666666667,0.5,0.6,0.666666666666667,0.583333333333333,19,2,6,1,1,2,4,4,1,3,4,4,1,1,1,1,4,1,2,2,3,2,3,4,4,3,4,3,3,2,0.333333333333333,0.833333333333333
"36",36,1618,0,0.333333333333333,0.333333333333333,0.333333333333333,0.333333333333333,0.25,0.2,0.25,0.25,19,2,1,4,3,2,1,1,2,1,3,1,3,1,1,3,1,4,4,2,4,2,4,2,2,2,2,2,2,3,3,3,3,3,3,0.166666666666667,0.333333333333333,32,0,0.333333333333333,0.333333333333333,0.333333333333333,0,0.25,0.4,0.25,0.25,19,2,1,2,1,3,1,3,1,1,1,1,4,4,2,4,4,4,2,2,2,4,2,2,3,3,1,3,3,1,0.166666666666667,0.333333333333333
"37",37,1699,0.333333333333333,0.666666666666667,0.666666666666667,0.333333333333333,0.333333333333333,0.5,0.6,0.416666666666667,0.5,19,2,2,1,2,3,4,1,2,2,4,2,3,3,3,3,3,3,2,2,2,3,1,4,3,4,4,4,4,3,1,2,1,1,3,0.333333333333333,0.666666666666667,33,0,0.666666666666667,0.333333333333333,0.333333333333333,0.333333333333333,0.25,0.4,0.416666666666667,0.333333333333333,19,2,2,2,2,4,3,1,2,1,3,4,2,3,1,2,3,1,4,3,2,4,2,4,1,1,3,4,1,2,0.166666666666667,0.5
"38",38,1736,1,0.666666666666667,1,1,1,1,0.8,0.583333333333333,0.916666666666667,20,2,2,2,1,4,3,1,1,1,1,1,1,4,1,1,1,2,4,2,2,1,2,4,3,4,3,3,3,1,4,4,4,4,4,1,0.833333333333333,34,1,0.666666666666667,0.333333333333333,0.666666666666667,1,0.75,0.4,0.5,0.666666666666667,20,2,2,1,1,1,1,1,1,1,1,4,2,4,1,2,1,4,4,3,4,3,3,3,1,4,1,2,4,4,0.833333333333333,0.5
"39",39,1766,1,1,1,0.666666666666667,1,0.75,1,0.5,0.916666666666667,20,1,1,3,4,1,2,1,1,2,2,4,3,4,4,4,2,1,1,1,1,1,1,3,1,3,2,2,2,1,3,2,3,3,3,0.833333333333333,1,35,1,1,0.333333333333333,0.333333333333333,1,0.5,0.6,0.25,0.666666666666667,20,1,1,1,2,2,3,1,3,4,4,1,1,1,3,2,1,3,3,1,3,2,2,2,1,3,2,1,3,3,0.666666666666667,0.666666666666667
"40",40,1769,0.333333333333333,0.666666666666667,0.666666666666667,0.666666666666667,0.333333333333333,1,0.4,0.333333333333333,0.583333333333333,20,2,7,4,1,2,3,1,1,2,1,4,1,2,3,1,1,4,3,1,2,1,2,4,2,3,1,3,3,4,3,4,1,4,1,0.666666666666667,0.5,NA,NA,NA,NA,NA,NA,NA,NA,NA,NA,NA,NA,NA,NA,NA,NA,NA,NA,NA,NA,NA,NA,NA,NA,NA,NA,NA,NA,NA,NA,NA,NA,NA,NA,NA,NA,NA,NA,NA,NA,NA,NA
"41",41,2002,0.333333333333333,0.666666666666667,0.666666666666667,0.333333333333333,0,0.5,0.8,0.333333333333333,0.5,18,2,2,3,4,1,2,1,1,2,2,2,2,2,2,2,2,1,1,1,1,1,4,4,4,4,4,4,2,3,1,2,3,3,3,0.5,0.5,36,0,0.333333333333333,0.666666666666667,0.333333333333333,0.333333333333333,0,0.6,0.416666666666667,0.333333333333333,18,2,2,1,2,2,2,2,2,2,2,2,1,1,2,2,1,3,4,4,2,2,4,4,3,3,2,3,3,1,0,0.666666666666667
"42",42,2114,0.666666666666667,0,0.666666666666667,0,0,0.25,0.6,0.25,0.333333333333333,18,2,7,1,2,3,4,1,2,2,4,3,2,2,4,3,4,2,3,4,2,2,3,3,1,3,3,4,2,3,2,2,1,4,1,0.333333333333333,0.333333333333333,37,0.333333333333333,0,0,0,0,0,0.2,0.25,0.0833333333333333,21,2,4,1,2,4,2,4,2,1,4,3,1,1,2,1,2,2,2,2,2,1,2,2,3,1,3,3,3,1,0.166666666666667,0
"43",43,2115,0.333333333333333,0.666666666666667,0.666666666666667,0.666666666666667,0.666666666666667,0.5,0.6,0.666666666666667,0.583333333333333,21,2,4,3,4,1,2,1,1,2,2,4,4,2,4,4,4,1,4,2,1,1,2,2,2,2,1,1,4,3,3,1,3,3,1,0.5,0.666666666666667,NA,NA,NA,NA,NA,NA,NA,NA,NA,NA,NA,NA,NA,NA,NA,NA,NA,NA,NA,NA,NA,NA,NA,NA,NA,NA,NA,NA,NA,NA,NA,NA,NA,NA,NA,NA,NA,NA,NA,NA,NA,NA
"44",44,2142,0.666666666666667,0.666666666666667,1,0,0.666666666666667,0,1,0.75,0.583333333333333,19,2,2,2,3,4,1,1,2,2,3,3,4,3,3,3,4,4,4,4,1,4,4,1,3,1,4,3,3,2,2,1,2,2,2,0.333333333333333,0.833333333333333,38,0.333333333333333,0.666666666666667,0.666666666666667,0,0.666666666666667,0,0.6,0.5,0.416666666666667,19,2,2,2,2,3,3,4,3,3,3,2,2,3,4,1,4,4,1,3,1,2,4,3,2,3,3,3,2,4,0.166666666666667,0.666666666666667
"45",45,2163,0.666666666666667,0.333333333333333,1,0.666666666666667,1,0.5,0.6,0.75,0.666666666666667,18,1,1,4,3,2,1,1,2,1,3,3,3,3,3,3,4,4,2,3,4,3,4,1,4,1,1,1,3,2,2,2,2,2,3,0.5,0.833333333333333,39,1,0.666666666666667,1,0.666666666666667,1,0.5,1,0.583333333333333,0.833333333333333,18,1,1,2,1,3,3,1,3,3,3,2,4,2,3,4,4,4,1,4,2,1,1,3,2,2,2,2,2,2,0.666666666666667,1
"46",46,2249,0.666666666666667,0.666666666666667,0.666666666666667,0.666666666666667,0.333333333333333,0.75,0.8,0.5,0.666666666666667,19,2,2,3,4,1,2,1,1,2,2,1,1,1,1,1,4,4,4,1,3,1,3,2,2,2,2,2,2,3,4,3,3,3,3,0.666666666666667,0.666666666666667,40,0.666666666666667,0.333333333333333,0.666666666666667,0.666666666666667,0.333333333333333,0.75,0.6,0.416666666666667,0.583333333333333,19,2,2,1,2,2,3,1,1,1,1,4,3,2,4,3,4,4,2,2,2,2,2,2,3,2,3,3,3,3,0.666666666666667,0.5
"47",47,2264,0.666666666666667,0.666666666666667,0,0.666666666666667,1,0.75,0,0.416666666666667,0.5,18,2,7,3,2,1,4,1,1,1,2,4,4,4,4,4,4,3,3,3,3,3,3,2,2,1,2,2,2,1,1,2,1,1,1,0.666666666666667,0.333333333333333,41,0.666666666666667,0.666666666666667,0,0.666666666666667,1,0.75,0,0.5,0.5,18,2,7,1,1,2,4,1,4,4,4,4,1,3,3,3,3,3,3,2,1,2,2,2,3,3,2,1,1,1,0.666666666666667,0.333333333333333
"48",48,2333,0.333333333333333,0.666666666666667,0.666666666666667,0.333333333333333,0.333333333333333,0.5,0.6,0.666666666666667,0.5,18,1,1,4,3,2,1,1,2,1,3,4,2,2,4,4,4,3,4,4,3,4,3,1,1,1,1,1,1,2,2,2,2,2,4,0.333333333333333,0.666666666666667,42,0.666666666666667,0.333333333333333,0.666666666666667,0.666666666666667,0.333333333333333,0.75,0.6,0.5,0.583333333333333,18,1,1,2,1,3,4,3,2,4,4,3,4,3,4,3,3,2,1,1,1,1,1,1,3,3,4,2,2,2,0.666666666666667,0.5
"49",49,2385,0.666666666666667,1,0.666666666666667,0.333333333333333,1,0.5,0.6,0.5,0.666666666666667,21,2,5,3,4,1,2,1,1,2,2,4,2,1,4,4,1,1,3,4,3,1,3,2,2,1,2,2,2,3,3,4,3,3,1,0.5,0.833333333333333,43,0.666666666666667,0.666666666666667,0.666666666666667,0.666666666666667,1,0.75,0.4,0.5,0.666666666666667,21,2,5,1,2,2,4,1,2,4,4,1,1,1,3,1,2,3,3,2,3,2,2,2,3,1,3,3,3,2,0.666666666666667,0.666666666666667
"50",50,2394,0,0.666666666666667,0.666666666666667,0,0.333333333333333,0,0.6,0.5,0.333333333333333,19,1,1,3,4,1,2,1,1,2,2,4,4,3,1,4,2,1,3,4,2,1,2,2,3,2,1,3,4,3,2,4,3,3,4,0,0.666666666666667,44,0.333333333333333,0,0.333333333333333,0.333333333333333,0,0.5,0.2,0.416666666666667,0.25,19,1,1,1,2,2,3,4,3,1,2,4,1,4,4,3,2,2,4,3,2,1,2,3,3,2,3,1,3,2,0.333333333333333,0.166666666666667
"51",51,2418,0.666666666666667,1,0.666666666666667,1,1,0.75,0.8,0.916666666666667,0.833333333333333,18,2,1,4,1,2,3,1,1,2,1,1,1,1,1,1,1,2,2,2,2,2,3,3,3,1,3,1,3,4,4,4,4,4,4,0.833333333333333,0.833333333333333,45,0,0,0.666666666666667,0.333333333333333,0.333333333333333,0,0.4,0.5,0.25,18,2,1,1,2,1,2,3,2,2,2,2,3,2,2,1,3,2,1,2,3,3,1,1,4,4,4,2,4,2,0,0.5
"52",52,2419,1,0.333333333333333,0,0.333333333333333,0.666666666666667,0.5,0.2,0.166666666666667,0.416666666666667,18,2,2,2,1,4,3,1,1,1,1,1,3,2,1,1,3,3,3,4,2,4,1,4,2,4,2,3,2,4,3,3,1,3,4,0.666666666666667,0.166666666666667,46,0.333333333333333,0.666666666666667,0.333333333333333,0.333333333333333,0.666666666666667,0,0.6,0.25,0.416666666666667,18,2,2,1,1,1,1,3,3,3,1,4,2,4,4,4,2,1,3,4,2,3,2,1,2,2,3,4,3,4,0.166666666666667,0.666666666666667
"53",53,2433,0.666666666666667,0.666666666666667,0.333333333333333,0.333333333333333,1,0,0.6,0.583333333333333,0.5,18,2,1,4,1,2,3,1,1,2,1,2,4,4,1,1,3,3,2,2,3,2,2,3,3,3,3,1,2,2,4,4,2,1,4,0.333333333333333,0.666666666666667,47,0.666666666666667,0.333333333333333,0.666666666666667,0,0.333333333333333,0.25,0.6,0.416666666666667,0.416666666666667,18,2,1,1,2,1,2,2,4,4,1,3,4,1,2,3,4,2,3,3,3,1,3,4,1,1,4,4,2,4,0.333333333333333,0.5
"54",54,2437,0.333333333333333,0.333333333333333,0,0.666666666666667,0.666666666666667,0.25,0.2,0.333333333333333,0.333333333333333,18,2,1,1,4,3,2,1,2,1,4,1,2,4,2,1,2,3,3,1,4,3,1,4,3,3,4,2,2,2,3,2,2,2,2,0.333333333333333,0.333333333333333,48,0,0,0.333333333333333,0.666666666666667,0.333333333333333,0.25,0.2,0.25,0.25,18,2,1,2,1,4,3,2,4,3,3,2,3,1,2,4,2,1,3,3,4,4,1,1,2,3,2,2,1,4,0.166666666666667,0.333333333333333
"55",55,2462,1,0.666666666666667,1,1,1,1,0.8,0.75,0.916666666666667,19,2,1,4,3,2,1,1,2,1,3,4,1,3,3,3,3,4,4,3,4,3,4,1,1,1,1,1,1,2,2,2,2,2,2,1,0.833333333333333,49,1,0.666666666666667,0.666666666666667,0,0.333333333333333,0.5,0.8,0.416666666666667,0.583333333333333,19,2,1,2,1,3,4,1,2,3,4,4,2,1,4,1,4,4,1,3,1,2,1,1,4,2,2,1,2,2,0.666666666666667,0.5
"56",56,2496,0,0,0,0,0,0,0,0.333333333333333,0,18,1,1,2,1,4,3,1,1,1,1,3,2,1,3,3,3,4,1,3,1,3,1,2,2,2,2,4,2,4,4,4,2,3,1,0,0,50,0.333333333333333,0,0.333333333333333,0.333333333333333,0.666666666666667,0,0.2,0.25,0.25,18,1,1,1,1,1,3,1,4,1,3,3,4,1,4,1,1,2,3,2,4,3,4,2,4,1,3,3,1,1,0.166666666666667,0.333333333333333
"57",57,2552,1,0.666666666666667,0.666666666666667,0.333333333333333,0.666666666666667,0.5,0.8,0.75,0.666666666666667,19,2,1,2,3,4,1,1,2,2,3,3,3,1,3,3,4,4,4,3,4,4,2,1,4,1,2,1,3,2,2,2,2,2,2,0.666666666666667,0.666666666666667,51,0.666666666666667,0,0.666666666666667,0.333333333333333,0,0.5,0.6,0.75,0.416666666666667,19,2,1,2,2,3,3,3,3,1,4,2,4,4,3,4,3,2,1,4,1,2,1,3,2,1,2,2,2,2,0.5,0.333333333333333
"58",58,2643,0.666666666666667,0.666666666666667,0.666666666666667,1,1,0.75,0.6,0.75,0.75,20,1,6,3,2,1,4,1,1,1,2,4,4,4,4,4,4,1,3,2,1,1,1,3,2,2,2,2,1,3,3,3,3,1,1,0.666666666666667,0.833333333333333,52,0.666666666666667,0.666666666666667,1,1,0.666666666666667,1,0.8,0.25,0.833333333333333,20,1,6,1,1,2,4,3,2,4,1,4,3,3,3,1,1,1,3,2,2,2,2,2,1,1,2,3,3,1,0.833333333333333,0.833333333333333
"59",59,2772,1,1,1,1,1,1,1,0.666666666666667,1,17,2,6,2,3,4,1,1,2,2,3,3,3,3,3,3,3,2,2,4,4,4,4,4,1,1,1,1,1,1,2,2,2,2,2,1,1,NA,NA,NA,NA,NA,NA,NA,NA,NA,NA,NA,NA,NA,NA,NA,NA,NA,NA,NA,NA,NA,NA,NA,NA,NA,NA,NA,NA,NA,NA,NA,NA,NA,NA,NA,NA,NA,NA,NA,NA,NA,NA
"60",60,2777,0,0.666666666666667,0.333333333333333,0.666666666666667,0.333333333333333,0.5,0.4,0.5,0.416666666666667,19,2,1,2,1,4,3,1,1,1,1,1,1,1,2,1,1,2,2,1,2,2,2,4,4,3,4,2,4,3,3,3,3,3,3,0.333333333333333,0.5,53,0,0.333333333333333,0.333333333333333,0.666666666666667,0,0.5,0.4,0.25,0.333333333333333,19,2,1,1,1,1,3,1,1,2,3,1,2,1,1,2,2,2,4,4,1,4,4,4,1,3,1,3,3,3,0.333333333333333,0.333333333333333
"61",61,2858,0.333333333333333,0.666666666666667,0.333333333333333,0.666666666666667,0.666666666666667,0.5,0.4,0.333333333333333,0.5,21,2,6,3,2,1,4,1,1,1,2,4,3,3,4,4,4,1,3,2,1,1,1,2,3,4,3,1,4,4,2,3,2,1,2,0.5,0.5,54,0.666666666666667,1,0.666666666666667,0.333333333333333,0.666666666666667,0.75,0.6,0.25,0.666666666666667,21,2,6,1,1,2,4,3,3,4,4,1,1,3,2,1,1,1,1,3,2,3,2,2,4,1,2,3,1,2,0.666666666666667,0.666666666666667
"62",62,2880,0.666666666666667,0.666666666666667,0.333333333333333,0.666666666666667,0.333333333333333,1,0.4,0.416666666666667,0.583333333333333,19,2,1,2,1,4,3,1,1,1,1,4,1,4,1,4,1,2,2,4,2,2,2,3,3,4,1,3,3,2,1,1,1,1,1,0.833333333333333,0.333333333333333,55,0.333333333333333,0.666666666666667,0.333333333333333,0.333333333333333,0,0.75,0.4,0.333333333333333,0.416666666666667,19,2,1,1,1,1,4,1,2,4,4,3,2,2,1,2,2,2,1,3,4,1,3,3,2,1,3,1,1,1,0.5,0.333333333333333
"63",63,2963,0.333333333333333,0.333333333333333,0.333333333333333,0.666666666666667,0.333333333333333,0.75,0.2,0.416666666666667,0.416666666666667,18,2,1,2,3,4,1,1,2,2,3,4,1,3,4,2,3,4,1,4,2,2,1,1,2,1,1,1,1,4,1,4,2,3,3,0.5,0.333333333333333,56,0.666666666666667,0.666666666666667,0.333333333333333,0.333333333333333,0.666666666666667,0.5,0.4,0.333333333333333,0.5,18,2,1,2,2,3,2,1,2,3,1,2,1,2,3,3,4,1,1,1,1,1,1,1,4,3,2,4,2,3,0.5,0.5
"64",64,2967,0.666666666666667,0.666666666666667,0.333333333333333,0.666666666666667,0.666666666666667,1,0.2,0.5,0.583333333333333,20,2,5,4,3,2,1,1,2,1,3,3,2,3,3,3,3,4,1,4,4,2,2,2,3,1,2,1,1,1,2,4,4,2,4,0.833333333333333,0.333333333333333,57,0.666666666666667,0.333333333333333,0,0.333333333333333,1,0.25,0,0.166666666666667,0.333333333333333,20,2,5,2,1,3,4,2,1,3,3,2,4,1,2,2,1,1,1,3,2,1,1,4,1,4,1,4,4,4,0.333333333333333,0.333333333333333
"65",65,3001,0.666666666666667,0.666666666666667,0.666666666666667,0.666666666666667,1,0.5,0.6,0.333333333333333,0.666666666666667,18,1,2,4,3,2,1,1,2,1,3,2,3,4,3,3,4,3,3,3,4,2,2,1,1,1,1,4,1,4,3,3,2,2,2,0.666666666666667,0.666666666666667,58,1,0,1,0.666666666666667,0.666666666666667,0.5,0.8,0.5,0.666666666666667,18,1,2,2,1,3,3,3,1,3,4,3,4,3,3,3,2,4,1,1,3,1,1,4,3,2,4,2,2,2,0.666666666666667,0.666666666666667
"66",66,3036,0.666666666666667,0.333333333333333,0.666666666666667,0,0.666666666666667,0.25,0.4,0.333333333333333,0.416666666666667,21,2,2,1,2,3,4,1,2,2,4,3,1,3,2,2,3,3,2,3,2,2,4,3,1,4,2,4,3,2,1,4,1,1,2,0.333333333333333,0.5,59,0.333333333333333,0.333333333333333,0.333333333333333,0.333333333333333,0,0.75,0.2,0.416666666666667,0.333333333333333,21,2,2,2,2,4,3,2,2,3,3,2,2,4,3,2,2,1,1,1,4,1,4,4,3,1,3,2,1,3,0.5,0.166666666666667
"67",67,3042,0.333333333333333,0.666666666666667,1,0.333333333333333,0.666666666666667,0.25,0.8,0.5,0.583333333333333,18,2,1,4,1,2,3,1,1,2,1,1,4,1,1,1,3,2,2,1,2,2,2,3,3,4,2,1,1,1,3,1,4,4,3,0.333333333333333,0.833333333333333,60,0.333333333333333,0.666666666666667,0.666666666666667,0.333333333333333,0.666666666666667,0.25,0.6,0.416666666666667,0.5,19,2,1,1,2,1,1,4,1,1,1,3,4,2,4,2,2,3,3,2,3,2,1,1,1,3,1,4,4,3,0.333333333333333,0.666666666666667
"68",68,3045,0.333333333333333,0.333333333333333,0.666666666666667,0.333333333333333,0,0.5,0.6,0.416666666666667,0.416666666666667,20,2,1,4,1,2,3,1,1,2,1,4,3,1,4,4,3,2,2,2,2,1,2,2,1,4,1,4,3,4,3,3,4,3,4,0.5,0.333333333333333,61,0.333333333333333,0.333333333333333,0,0,0,0.5,0,0.416666666666667,0.166666666666667,20,2,1,1,2,1,2,4,2,3,2,2,1,2,3,4,4,4,3,1,3,1,3,3,4,2,4,1,3,1,0.333333333333333,0
"69",69,3054,0,0.666666666666667,0.666666666666667,0.666666666666667,0.666666666666667,0.25,0.6,0.416666666666667,0.5,18,2,1,2,3,4,1,1,2,2,3,2,3,3,1,3,3,1,3,4,2,4,1,4,2,2,1,4,4,4,2,2,2,2,1,0.166666666666667,0.833333333333333,62,0.333333333333333,0,0,0,0,0.25,0,0.25,0.0833333333333333,18,2,1,2,2,3,4,3,2,4,1,4,2,2,1,1,1,2,3,1,3,2,1,3,4,2,3,3,3,3,0.166666666666667,0
"70",70,3092,1,1,1,1,1,1,1,0.916666666666667,1,18,2,7,2,1,4,3,1,1,1,1,1,1,1,1,1,1,2,2,4,2,2,2,3,3,3,3,3,3,4,4,4,4,4,4,1,1,63,1,1,1,1,1,1,1,0.916666666666667,1,18,2,7,1,1,1,1,1,1,1,1,1,2,2,3,2,2,2,3,3,3,3,3,3,4,4,4,4,4,4,1,1
"71",71,3124,0,0,0,0,0,0,0,0.333333333333333,0,18,2,4,2,1,4,3,1,1,1,1,3,3,3,3,3,3,2,2,4,4,4,4,1,1,1,1,1,1,4,2,4,2,2,2,0,0,64,0,0,0,0,0,0,0,0.0833333333333333,0,18,2,4,1,1,1,3,3,3,3,3,3,4,1,4,1,4,4,2,4,1,2,2,2,3,2,4,1,1,2,0,0
"72",72,3137,1,0.666666666666667,1,1,1,1,0.8,0.916666666666667,0.916666666666667,18,2,1,2,1,4,3,1,1,1,1,1,1,1,1,1,1,3,2,2,2,3,2,3,3,3,3,3,3,4,4,4,4,4,4,1,0.833333333333333,65,1,1,1,0.666666666666667,0.666666666666667,1,1,0.75,0.916666666666667,18,2,1,1,1,1,1,4,1,1,1,1,4,2,2,2,2,2,3,3,4,2,3,3,4,4,4,4,4,4,1,0.833333333333333
"73",73,3163,0.666666666666667,0.666666666666667,1,0,0,0.5,1,0.333333333333333,0.583333333333333,18,2,6,2,1,4,3,1,1,1,1,2,2,1,2,3,3,1,4,1,3,2,2,3,3,2,1,3,3,4,3,1,4,4,4,0.5,0.666666666666667,66,0.333333333333333,0.333333333333333,0.666666666666667,0.666666666666667,0,0.75,0.6,0.25,0.5,18,2,6,1,1,1,3,4,2,2,3,1,4,2,1,2,2,4,1,3,2,4,3,2,4,1,1,4,4,3,0.5,0.5
"74",74,3280,0.333333333333333,0.333333333333333,0.333333333333333,0.666666666666667,0.333333333333333,0.5,0.4,0.25,0.416666666666667,18,2,1,4,1,2,3,1,1,2,1,4,2,2,4,4,1,3,1,3,1,2,1,1,3,4,3,3,2,4,1,4,4,2,2,0.333333333333333,0.5,NA,NA,NA,NA,NA,NA,NA,NA,NA,NA,NA,NA,NA,NA,NA,NA,NA,NA,NA,NA,NA,NA,NA,NA,NA,NA,NA,NA,NA,NA,NA,NA,NA,NA,NA,NA,NA,NA,NA,NA,NA,NA
"75",75,3287,0.333333333333333,0.333333333333333,0,0.333333333333333,1,0,0,0.333333333333333,0.25,18,2,7,3,4,1,2,1,1,2,2,4,4,4,4,4,1,2,3,3,3,3,2,2,3,3,2,3,3,1,1,4,1,1,2,0.166666666666667,0.333333333333333,67,0,0.666666666666667,0,0,0.333333333333333,0.25,0,0.416666666666667,0.166666666666667,18,2,7,1,2,2,4,4,4,1,4,2,3,3,4,2,2,3,3,2,3,1,4,2,1,3,4,1,1,1,0.166666666666667,0.166666666666667
"76",76,3365,0.666666666666667,1,0.333333333333333,0,0.666666666666667,0.5,0.4,0.416666666666667,0.5,18,2,1,2,3,4,1,1,2,2,3,3,3,1,3,3,2,2,1,4,2,4,2,1,3,1,3,1,1,4,4,4,4,2,4,0.5,0.5,68,0,0.666666666666667,0.333333333333333,0.666666666666667,0.333333333333333,0.75,0.2,0.416666666666667,0.416666666666667,18,2,1,2,2,3,4,1,4,2,3,3,2,3,4,4,3,2,1,4,1,3,3,1,4,2,2,2,4,4,0.5,0.333333333333333
"77",77,3422,0.666666666666667,1,0.666666666666667,0.666666666666667,1,0.5,0.8,0.333333333333333,0.75,18,1,7,4,1,2,3,1,1,2,1,1,2,4,1,1,1,2,3,3,4,2,2,3,3,4,3,4,3,2,2,2,4,2,4,0.666666666666667,0.833333333333333,69,0,0.666666666666667,0.333333333333333,0.333333333333333,0.666666666666667,0,0.4,0.166666666666667,0.333333333333333,18,1,7,1,2,1,3,4,2,3,1,2,4,4,4,4,2,2,3,3,2,3,1,2,2,2,2,3,2,3,0,0.666666666666667
"78",78,3540,0.333333333333333,0,0.333333333333333,0,0,0.25,0.2,0.5,0.166666666666667,19,1,1,3,4,1,2,1,1,2,2,4,2,4,2,1,1,3,1,1,4,4,3,3,1,3,4,2,4,3,3,4,4,3,2,0.166666666666667,0.166666666666667,70,0,0.333333333333333,0.333333333333333,0.333333333333333,0.333333333333333,0.25,0.2,0.0833333333333333,0.25,19,1,1,1,2,2,3,3,3,2,4,2,3,1,2,1,4,4,4,4,1,3,4,4,2,1,2,1,3,4,0.166666666666667,0.333333333333333
"79",79,3613,0.666666666666667,0.666666666666667,0,0.666666666666667,1,0.5,0.2,0.75,0.5,18,1,1,1,4,3,2,1,2,1,4,2,1,2,2,2,2,3,1,3,1,1,1,4,4,4,4,3,4,1,1,3,3,3,1,0.666666666666667,0.333333333333333,71,0.666666666666667,1,1,1,1,0.75,1,0.833333333333333,0.916666666666667,18,1,1,2,1,4,2,1,2,2,2,2,3,3,3,3,3,3,4,4,4,4,1,4,1,1,2,1,1,1,0.833333333333333,1
"80",80,3654,0.333333333333333,0,0.333333333333333,0.333333333333333,0.666666666666667,0,0.2,0,0.25,18,1,2,2,1,4,3,1,1,1,1,4,2,2,1,3,2,1,1,1,1,4,4,1,4,2,3,2,4,2,1,2,1,4,2,0.166666666666667,0.333333333333333,NA,NA,NA,NA,NA,NA,NA,NA,NA,NA,NA,NA,NA,NA,NA,NA,NA,NA,NA,NA,NA,NA,NA,NA,NA,NA,NA,NA,NA,NA,NA,NA,NA,NA,NA,NA,NA,NA,NA,NA,NA,NA
"81",81,3703,0.333333333333333,0.666666666666667,0.666666666666667,0.333333333333333,1,0,0.6,0.75,0.5,18,2,2,4,1,2,3,1,1,2,1,1,1,1,1,1,2,2,2,4,4,2,4,2,3,3,3,2,4,4,3,4,4,4,1,0.166666666666667,0.833333333333333,72,0.333333333333333,0.666666666666667,0.333333333333333,0.666666666666667,0.333333333333333,0.5,0.6,0.666666666666667,0.5,18,2,2,1,2,1,1,1,2,4,3,1,2,2,4,3,2,2,2,3,4,3,4,3,4,4,4,1,2,4,0.5,0.5
"82",82,3704,0.666666666666667,1,0.666666666666667,1,1,1,0.6,1,0.833333333333333,19,2,2,1,4,3,2,1,2,1,4,2,2,2,2,2,2,3,3,3,3,3,1,4,4,4,4,4,4,1,1,1,1,1,3,0.833333333333333,0.833333333333333,73,0.666666666666667,0.666666666666667,1,1,1,1,0.6,0.666666666666667,0.833333333333333,19,2,2,2,1,4,2,2,1,2,2,2,3,1,4,3,1,3,4,4,4,4,4,4,1,1,2,1,1,3,0.833333333333333,0.833333333333333
"83",83,3716,0.333333333333333,0.666666666666667,0.333333333333333,0.666666666666667,0.333333333333333,0.75,0.4,0.583333333333333,0.5,18,1,2,1,2,3,4,1,2,2,4,1,1,2,1,2,2,1,3,3,3,1,4,2,3,4,3,3,4,1,1,1,3,1,1,0.666666666666667,0.333333333333333,74,0.333333333333333,0.333333333333333,0,0.666666666666667,0.333333333333333,0.75,0,0.0833333333333333,0.333333333333333,18,1,2,2,2,4,1,3,1,1,1,1,2,1,4,3,2,4,3,1,2,4,4,4,2,2,1,3,2,3,0.5,0.166666666666667
"84",84,3776,1,0.666666666666667,0.666666666666667,0.666666666666667,0.666666666666667,0.75,0.8,0.666666666666667,0.75,18,2,6,1,4,3,2,1,2,1,4,2,2,2,2,3,3,3,3,2,3,3,2,4,4,3,4,4,4,2,1,3,1,1,1,0.833333333333333,0.666666666666667,75,0.666666666666667,0.666666666666667,0.666666666666667,0.333333333333333,0.666666666666667,0.75,0.4,0.416666666666667,0.583333333333333,18,2,6,2,1,4,2,2,1,2,2,3,2,3,2,3,2,4,4,1,1,2,4,4,2,1,2,1,1,3,0.666666666666667,0.5
"85",85,3802,1,0.333333333333333,0.666666666666667,1,1,0.75,0.6,0.416666666666667,0.75,18,2,6,2,1,4,3,1,1,1,1,3,1,1,1,1,1,4,2,2,2,1,1,4,2,4,3,3,2,2,3,4,4,4,4,0.833333333333333,0.666666666666667,76,1,0.333333333333333,0.666666666666667,1,1,0.75,0.6,0.416666666666667,0.75,18,2,6,1,1,1,2,2,1,1,1,1,4,3,2,2,1,1,3,2,4,3,3,1,2,4,4,4,4,4,0.833333333333333,0.666666666666667
"86",86,4046,0,1,0.333333333333333,0.333333333333333,0.333333333333333,0.5,0.4,0.25,0.416666666666667,18,2,6,2,3,4,1,1,2,2,3,1,2,1,2,3,1,4,4,2,4,4,2,4,3,2,3,2,1,3,2,3,1,2,3,0.333333333333333,0.5,77,0,0,0.666666666666667,0.666666666666667,0,0.5,0.4,0.166666666666667,0.333333333333333,18,2,6,2,2,3,3,2,4,2,2,3,4,1,2,4,1,4,4,4,4,4,3,2,3,3,4,4,2,1,0.333333333333333,0.333333333333333
"87",87,4055,0.333333333333333,1,1,1,0.666666666666667,1,0.8,0.75,0.833333333333333,18,2,2,1,2,3,4,1,2,2,4,3,2,2,3,2,2,2,2,3,3,3,3,4,4,4,4,4,4,1,1,1,1,1,2,0.666666666666667,1,78,0.666666666666667,1,0.666666666666667,0.666666666666667,0.333333333333333,1,0.8,0.583333333333333,0.75,18,2,2,2,2,4,2,3,2,3,2,2,3,4,4,3,3,2,3,3,4,1,4,4,1,1,1,1,1,1,0.833333333333333,0.666666666666667
"88",88,4070,1,1,1,1,1,1,1,0.583333333333333,1,18,1,1,1,2,3,4,1,2,2,4,2,1,2,2,2,2,3,3,4,3,3,3,4,4,1,4,4,4,1,2,2,1,1,1,1,1,79,1,1,1,1,1,1,1,0.75,1,18,1,1,2,2,4,2,1,2,2,2,2,3,3,4,3,3,3,4,4,2,4,4,4,1,1,1,1,1,1,1,1
"89",89,4102,0.666666666666667,1,1,0,0.666666666666667,0.5,0.8,0.5,0.666666666666667,18,1,6,1,2,3,4,1,2,2,4,2,1,2,2,2,1,3,3,1,2,3,3,1,2,4,2,4,4,2,1,2,1,1,2,0.5,0.833333333333333,80,0,0.333333333333333,1,0,0,0,0.8,0.333333333333333,0.333333333333333,18,1,6,2,2,4,1,1,1,4,1,3,3,4,2,2,3,3,1,1,4,3,2,2,2,1,1,1,1,2,0,0.666666666666667
"90",90,4105,1,1,1,1,1,1,1,0.833333333333333,1,18,2,1,4,3,2,1,1,2,1,3,3,2,3,3,3,3,4,4,3,4,4,4,1,1,1,1,1,1,2,2,2,2,2,2,1,1,81,1,1,1,1,1,1,1,0.666666666666667,1,18,2,1,2,1,3,3,2,2,3,3,3,4,4,3,4,4,4,1,1,1,1,1,1,2,2,3,2,2,2,1,1
"91",91,4161,0.333333333333333,0,0.666666666666667,0.333333333333333,0,0.25,0.6,0.333333333333333,0.333333333333333,19,2,5,4,1,2,3,1,1,2,1,3,3,3,3,3,1,2,3,2,1,1,3,4,1,4,1,1,1,4,4,1,4,4,4,0.333333333333333,0.333333333333333,82,1,0.333333333333333,1,0,0.333333333333333,0.25,1,0.166666666666667,0.583333333333333,19,2,5,1,2,1,3,2,3,1,3,2,1,2,1,1,2,2,4,2,2,1,3,2,3,4,3,4,4,4,0.5,0.666666666666667
"92",92,4182,0.333333333333333,0.333333333333333,0.333333333333333,0.666666666666667,0,0.75,0.4,0.25,0.416666666666667,18,2,2,3,4,1,2,1,1,2,2,2,1,3,1,3,4,1,2,2,1,3,3,2,3,1,1,3,2,4,2,3,1,3,3,0.666666666666667,0.166666666666667,83,0.333333333333333,0.666666666666667,0.333333333333333,0,0,0.5,0.4,0.0833333333333333,0.333333333333333,18,2,2,1,2,2,3,3,2,1,2,2,1,4,2,4,1,3,3,4,3,1,2,2,4,1,4,3,1,4,0.333333333333333,0.333333333333333
"93",93,4183,0.666666666666667,1,0.333333333333333,1,1,1,0.4,0.5,0.75,21,2,1,1,2,3,4,1,2,2,4,2,2,1,2,2,2,1,3,1,3,3,3,3,3,4,4,4,4,1,2,1,2,4,4,0.833333333333333,0.666666666666667,84,0.666666666666667,0.333333333333333,0.666666666666667,0.333333333333333,0.333333333333333,0.5,0.6,0.333333333333333,0.5,21,2,1,2,2,4,2,1,1,2,3,2,2,3,1,4,3,3,4,3,3,3,4,2,2,1,4,1,3,3,0.5,0.5
"94",94,4191,0.333333333333333,0.666666666666667,0.333333333333333,0.666666666666667,0.666666666666667,0.5,0.4,0.416666666666667,0.5,19,2,6,4,3,2,1,1,2,1,3,3,3,1,1,3,2,2,4,3,4,4,3,3,2,4,1,1,4,2,2,3,2,1,4,0.333333333333333,0.666666666666667,85,0.333333333333333,1,0.666666666666667,0,0.333333333333333,0.25,0.8,0.416666666666667,0.5,20,2,6,2,1,3,3,4,3,2,3,1,1,1,3,3,4,1,4,2,1,3,3,1,2,2,3,2,2,2,0.333333333333333,0.666666666666667
"95",95,4204,0.333333333333333,0.333333333333333,0.333333333333333,0.333333333333333,0.666666666666667,0.25,0.2,0.416666666666667,0.333333333333333,19,2,6,4,3,2,1,1,2,1,3,1,3,3,3,3,3,2,3,4,2,2,1,2,3,1,2,4,2,3,3,2,4,2,3,0.333333333333333,0.333333333333333,86,0,0.333333333333333,0.333333333333333,0.333333333333333,0.333333333333333,0.25,0.2,0.166666666666667,0.25,19,2,4,2,1,3,1,4,4,2,3,4,4,3,2,4,3,4,2,3,3,4,2,3,4,2,3,4,3,3,0.166666666666667,0.333333333333333
"96",96,4221,0.666666666666667,1,0.333333333333333,0.666666666666667,0.666666666666667,0.75,0.6,0.916666666666667,0.666666666666667,18,2,6,3,4,1,2,1,1,2,2,4,4,1,4,4,4,1,1,1,1,1,4,2,2,2,4,4,2,3,3,3,4,3,3,0.833333333333333,0.5,87,0.666666666666667,0.666666666666667,1,1,0.666666666666667,0.75,1,0.916666666666667,0.833333333333333,18,2,6,1,2,2,4,4,4,2,4,4,1,1,4,1,1,1,2,2,2,2,2,4,3,3,3,3,3,3,0.666666666666667,1
"97",97,4259,0,0,0,0,0,0,0,0.166666666666667,0,18,2,5,2,1,4,3,1,1,1,1,3,3,2,3,2,2,1,3,1,3,1,1,1,2,2,2,2,2,4,4,1,1,1,1,0,0,88,0.666666666666667,0.333333333333333,0,0.333333333333333,0.333333333333333,0.75,0,0.416666666666667,0.333333333333333,18,2,5,1,1,1,1,1,1,1,3,3,3,1,2,2,1,4,4,2,2,2,3,3,2,4,1,1,1,1,0.666666666666667,0
"98",98,4296,0.666666666666667,1,1,1,1,0.75,1,0.75,0.916666666666667,18,2,6,2,1,4,3,1,1,1,1,1,1,1,1,1,1,1,2,1,2,2,2,3,3,3,3,1,3,2,4,4,4,4,4,0.833333333333333,1,89,0.666666666666667,1,1,1,1,0.75,1,0.666666666666667,0.916666666666667,18,2,6,1,1,1,1,4,1,1,1,1,2,2,1,2,2,2,3,3,2,3,2,3,2,4,4,4,4,4,0.833333333333333,1
"99",99,4626,0.333333333333333,0.666666666666667,0.333333333333333,0.666666666666667,0.666666666666667,0.5,0.4,0.583333333333333,0.5,19,1,1,3,4,1,2,1,1,2,2,4,4,3,3,4,3,1,1,1,1,3,1,2,3,2,2,3,2,2,2,4,2,4,3,0.5,0.5,90,0.333333333333333,1,0.666666666666667,0.333333333333333,0.666666666666667,0.25,0.8,0.916666666666667,0.583333333333333,19,1,1,1,2,2,4,4,1,3,4,1,1,1,1,4,1,1,2,2,2,2,4,2,3,3,3,3,1,3,0.333333333333333,0.833333333333333
"100",100,4689,1,0.666666666666667,1,0.666666666666667,1,0.5,1,0.833333333333333,0.833333333333333,19,2,2,3,2,1,4,1,1,1,2,4,4,4,4,4,4,1,1,2,3,1,1,2,2,2,2,2,4,3,2,3,3,3,3,0.666666666666667,1,91,1,0.666666666666667,0.333333333333333,0.333333333333333,1,0.25,0.6,0.5,0.583333333333333,19,2,2,1,1,2,4,3,3,4,4,2,1,1,2,2,1,1,2,2,3,2,2,4,1,3,4,4,1,3,0.5,0.666666666666667
"101",101,4718,0.666666666666667,0.666666666666667,0.333333333333333,0.666666666666667,0.666666666666667,0.75,0.4,0.5,0.583333333333333,18,2,1,4,1,2,3,1,1,2,1,1,1,1,1,1,1,2,2,2,2,2,2,4,4,4,4,3,4,3,3,3,3,3,3,0.666666666666667,0.5,92,0.666666666666667,0,0.333333333333333,0.666666666666667,0.333333333333333,0.75,0.2,0.583333333333333,0.416666666666667,18,2,1,1,2,1,1,1,1,1,2,1,2,2,2,2,1,2,4,4,3,4,3,4,1,3,3,3,3,2,0.666666666666667,0.166666666666667
"102",102,4878,0.333333333333333,0.666666666666667,0.333333333333333,0,0,0.5,0.4,0.0833333333333333,0.333333333333333,18,2,2,2,1,4,3,1,1,1,1,3,4,2,2,4,4,4,4,3,3,2,2,1,3,2,1,3,3,1,2,1,3,2,2,0.333333333333333,0.333333333333333,93,0.333333333333333,0.333333333333333,0,0,0.333333333333333,0.25,0,0.166666666666667,0.166666666666667,18,2,2,1,1,1,3,4,2,2,1,3,4,4,2,4,1,4,4,4,2,2,3,1,1,1,4,3,3,3,0.166666666666667,0.166666666666667
"103",103,4889,1,1,0.333333333333333,1,1,1,0.6,0.916666666666667,0.833333333333333,19,2,1,1,2,3,4,1,2,2,4,2,2,2,2,2,2,3,3,2,3,3,1,4,4,4,4,4,4,1,1,1,1,3,1,1,0.666666666666667,94,1,1,0.666666666666667,0.666666666666667,1,0.75,0.8,0.583333333333333,0.833333333333333,19,2,1,2,2,4,2,2,3,2,2,2,3,3,2,1,3,1,4,1,4,4,4,4,4,1,2,1,1,1,0.833333333333333,0.833333333333333
"104",104,4942,0.666666666666667,1,1,0.666666666666667,1,0.75,0.8,1,0.833333333333333,18,1,1,2,1,4,3,1,1,1,1,1,1,1,1,1,2,2,2,2,2,2,2,3,3,3,3,3,3,4,4,4,4,4,2,0.666666666666667,1,95,0.666666666666667,1,0.333333333333333,1,1,1,0.4,0.916666666666667,0.75,18,1,1,1,1,1,1,2,1,1,1,1,2,2,2,2,2,1,3,3,3,3,3,3,4,4,4,4,1,1,0.833333333333333,0.666666666666667
"105",105,5093,0,0,0,0,0,0,0,0.166666666666667,0,18,1,2,4,1,3,3,0.75,1,2,1,4,4,1,4,4,4,3,3,1,3,4,3,3,2,2,2,2,2,1,1,1,3,1,3,0,0,96,0,0,0.333333333333333,0.333333333333333,0.333333333333333,0,0.2,0.0833333333333333,0.166666666666667,18,1,2,1,2,1,4,4,4,4,4,3,3,3,4,3,1,3,1,2,1,3,2,2,1,1,4,4,3,3,0,0.333333333333333
"106",106,5105,0.666666666666667,0.333333333333333,0.666666666666667,0.333333333333333,1,0,0.6,0.5,0.5,21,2,1,1,4,3,2,1,2,1,4,2,1,4,2,2,3,3,1,4,4,1,3,3,3,4,4,3,3,1,1,1,3,1,1,0.333333333333333,0.666666666666667,97,0.666666666666667,0.333333333333333,1,0,0.333333333333333,0,1,0.166666666666667,0.5,21,2,1,2,1,4,4,1,3,2,4,1,1,4,4,1,3,3,3,2,2,2,2,2,1,3,1,1,1,1,0.333333333333333,0.666666666666667
"107",107,5182,1,1,0.666666666666667,0.666666666666667,0.666666666666667,1,0.8,0.583333333333333,0.833333333333333,20,1,1,1,4,3,2,1,2,1,4,2,2,4,2,2,2,4,3,3,3,3,2,1,2,4,2,4,4,1,3,1,1,1,1,1,0.666666666666667,98,0.666666666666667,0.666666666666667,0.666666666666667,0.666666666666667,0.333333333333333,0.75,0.8,0.333333333333333,0.666666666666667,21,1,1,2,1,4,2,1,4,2,3,2,4,3,4,3,3,2,1,2,4,3,3,4,1,3,4,1,1,1,0.833333333333333,0.5
"108",108,5404,0.666666666666667,0.333333333333333,0.666666666666667,0.666666666666667,1,0.25,0.6,0.833333333333333,0.583333333333333,18,1,6,3,2,1,4,1,1,1,2,4,4,4,4,4,1,1,1,3,1,2,4,4,2,2,2,4,1,3,3,3,3,3,3,0.5,0.666666666666667,99,0.666666666666667,0.333333333333333,1,0.666666666666667,0.666666666666667,0.5,0.8,0.5,0.666666666666667,18,1,6,1,1,2,4,4,3,3,4,2,1,1,4,1,4,1,3,2,4,2,2,1,4,3,4,3,3,3,0.5,0.833333333333333
"109",109,5466,1,1,1,1,1,1,1,0.583333333333333,1,19,2,1,4,1,2,3,1,1,2,1,1,4,4,1,1,1,2,3,1,2,2,2,3,3,3,3,3,3,1,4,4,4,4,4,1,1,100,1,0.666666666666667,0.666666666666667,0.333333333333333,0.666666666666667,0.5,0.8,0.5,0.666666666666667,19,2,1,1,2,1,1,1,1,1,4,2,1,4,1,3,2,4,4,3,3,3,3,3,2,1,4,4,4,4,0.666666666666667,0.666666666666667
"110",110,5497,0.666666666666667,0.666666666666667,0.333333333333333,0.333333333333333,0.666666666666667,0.5,0.4,0.5,0.5,18,1,6,3,4,1,2,1,1,2,2,4,1,1,4,4,4,1,1,4,3,4,4,2,2,3,1,1,2,4,3,4,2,3,3,0.666666666666667,0.333333333333333,101,0.666666666666667,0.333333333333333,0.333333333333333,0,0.333333333333333,0.25,0.4,0.416666666666667,0.333333333333333,18,1,6,1,2,2,1,3,4,4,1,3,1,3,4,2,4,2,2,2,3,3,1,2,1,3,4,4,3,3,0.5,0.166666666666667
"111",111,5498,0,0,0,0.333333333333333,0,0.25,0,0.25,0.0833333333333333,17,2,1,1,4,3,2,1,2,1,4,4,3,3,1,3,2,4,3,4,2,4,4,2,4,3,2,1,1,3,4,1,2,3,2,0.166666666666667,0,102,0,0,0.333333333333333,1,0.333333333333333,0.5,0.2,0.416666666666667,0.333333333333333,17,2,1,2,1,4,3,4,2,1,4,2,4,3,2,3,1,3,2,4,2,4,1,3,1,4,1,2,3,3,0.333333333333333,0.333333333333333
"112",112,5509,0.666666666666667,0.666666666666667,1,0.333333333333333,0.333333333333333,0.75,0.8,0.666666666666667,0.666666666666667,18,2,7,1,4,3,2,1,2,1,4,2,2,2,4,2,2,3,3,3,4,2,3,1,3,2,2,4,4,1,1,2,1,1,1,0.666666666666667,0.666666666666667,NA,NA,NA,NA,NA,NA,NA,NA,NA,NA,NA,NA,NA,NA,NA,NA,NA,NA,NA,NA,NA,NA,NA,NA,NA,NA,NA,NA,NA,NA,NA,NA,NA,NA,NA,NA,NA,NA,NA,NA,NA,NA
"113",113,5522,0.666666666666667,0.666666666666667,0.666666666666667,0.666666666666667,1,0.5,0.6,0.0833333333333333,0.666666666666667,19,1,4,2,3,4,1,1,2,2,3,4,3,2,3,3,3,2,2,2,3,4,4,2,3,2,1,1,4,3,3,4,3,2,3,0.5,0.833333333333333,103,0,0.333333333333333,0,0.333333333333333,0.666666666666667,0,0,0.166666666666667,0.166666666666667,19,1,4,2,2,3,2,1,1,2,3,2,3,4,3,2,2,3,1,4,2,1,4,2,4,3,4,3,3,4,0,0.333333333333333
"114",114,5652,0.666666666666667,0,0,0,0,0.25,0.2,0.5,0.166666666666667,23,1,2,1,4,3,2,1,2,1,4,2,3,2,1,3,1,3,4,4,2,1,1,4,3,2,3,4,1,1,2,1,4,4,1,0.333333333333333,0,104,0,0,0.333333333333333,0.333333333333333,0,0.25,0.2,0.333333333333333,0.166666666666667,23,1,2,2,1,4,2,3,3,4,1,1,4,2,3,3,2,3,2,3,2,1,2,3,1,1,2,3,4,4,0.166666666666667,0.166666666666667
"115",115,5654,0.666666666666667,0,0,0.333333333333333,0.333333333333333,0.25,0.2,0.333333333333333,0.25,17,2,6,3,4,1,2,1,1,2,2,1,1,3,4,3,4,3,1,1,2,3,3,2,2,3,1,4,3,1,2,2,2,1,3,0.5,0,105,0.333333333333333,0.333333333333333,0,0.333333333333333,0.333333333333333,0.5,0,0.416666666666667,0.25,17,2,6,1,2,2,1,4,3,4,3,4,2,1,4,3,3,2,1,2,2,3,3,2,1,3,1,1,1,1,0.5,0
"116",116,5668,0.666666666666667,0.333333333333333,0.333333333333333,0.666666666666667,0.666666666666667,0.75,0.2,0.333333333333333,0.5,19,2,6,2,1,4,3,1,1,1,1,3,1,1,1,1,1,2,2,1,2,3,2,4,4,4,4,3,4,1,3,3,3,3,3,0.666666666666667,0.333333333333333,106,0.333333333333333,0.333333333333333,0.333333333333333,0.666666666666667,0.666666666666667,0.5,0.2,0.25,0.416666666666667,19,2,6,1,1,1,3,3,1,1,1,1,2,2,1,2,3,2,4,4,4,4,4,4,1,3,3,3,3,3,0.5,0.333333333333333
"117",117,5715,1,1,0,0.333333333333333,0.666666666666667,0.75,0.4,0.5,0.583333333333333,19,1,6,1,4,3,2,1,2,1,4,2,2,2,2,2,3,1,3,2,3,3,1,1,2,4,1,4,4,1,4,4,2,3,1,0.833333333333333,0.333333333333333,107,1,1,0,0.333333333333333,0.666666666666667,0.75,0.4,0.5,0.583333333333333,19,1,6,2,1,4,2,2,3,2,2,3,3,3,1,3,3,1,1,2,4,3,4,4,1,3,4,2,3,1,0.833333333333333,0.333333333333333
"118",118,5759,0.666666666666667,0,0.666666666666667,0.666666666666667,0.666666666666667,0.5,0.4,0.333333333333333,0.5,19,2,4,1,4,3,2,1,2,1,4,4,2,1,2,1,1,3,3,2,3,1,3,2,3,4,4,4,3,3,4,4,2,1,4,0.5,0.5,108,0.333333333333333,0,0,0.333333333333333,0,0.25,0.2,0.25,0.166666666666667,19,2,6,1,1,4,2,4,3,3,1,2,2,2,3,2,1,1,1,4,2,2,3,2,3,3,3,4,4,1,0.333333333333333,0
"119",119,5795,0.666666666666667,0.666666666666667,1,1,0.666666666666667,0.75,1,0.666666666666667,0.833333333333333,18,2,7,3,2,1,4,1,1,1,2,3,4,3,2,4,4,1,1,1,1,1,1,2,1,2,2,2,4,3,2,3,3,3,3,0.666666666666667,1,NA,NA,NA,NA,NA,NA,NA,NA,NA,NA,NA,NA,NA,NA,NA,NA,NA,NA,NA,NA,NA,NA,NA,NA,NA,NA,NA,NA,NA,NA,NA,NA,NA,NA,NA,NA,NA,NA,NA,NA,NA,NA
"120",120,5830,0.666666666666667,0.666666666666667,1,0.666666666666667,1,0.5,0.8,0.5,0.75,20,2,1,1,2,3,4,1,2,2,4,2,2,2,2,2,1,3,3,1,3,4,3,3,2,1,4,1,4,2,4,1,1,1,1,0.666666666666667,0.833333333333333,109,0.333333333333333,0.333333333333333,0,0.333333333333333,0.333333333333333,0.5,0,0.25,0.25,20,2,1,2,2,4,1,2,3,1,1,3,3,1,4,2,4,4,3,2,3,4,4,4,1,2,4,3,3,2,0.333333333333333,0.166666666666667
"121",121,5840,0.666666666666667,0,0.333333333333333,0,0.333333333333333,0,0.4,0.166666666666667,0.25,20,2,1,4,3,2,1,1,2,1,3,3,1,2,3,4,2,3,1,3,2,3,2,2,4,4,4,4,3,1,2,4,2,1,2,0.333333333333333,0.166666666666667,110,0,0.333333333333333,0,0.333333333333333,0,0.25,0.2,0.25,0.166666666666667,20,2,1,2,1,3,2,3,3,2,2,3,2,2,4,1,4,2,2,2,3,4,2,3,3,3,4,3,3,4,0.166666666666667,0.166666666666667
"122",122,5878,0.333333333333333,0,0,0.333333333333333,0.333333333333333,0.25,0,0.25,0.166666666666667,20,2,5,3,4,1,2,1,1,2,2,2,2,2,3,3,3,4,1,2,3,4,4,2,3,4,2,2,1,4,2,3,2,1,4,0.166666666666667,0.166666666666667,111,0,0,0.333333333333333,0.333333333333333,0.333333333333333,0,0.2,0.25,0.166666666666667,20,2,5,1,2,2,3,3,2,1,3,3,4,2,3,2,3,1,2,3,2,2,3,3,3,2,2,2,4,4,0,0.333333333333333
"123",123,6028,0.333333333333333,0,0,1,0.333333333333333,0.5,0.2,0.0833333333333333,0.333333333333333,20,2,1,1,4,3,2,1,2,1,4,1,2,4,1,1,2,2,2,2,3,4,1,1,2,3,4,1,2,2,4,4,3,4,1,0.5,0.166666666666667,112,0.333333333333333,0,0.666666666666667,1,0.333333333333333,0.75,0.4,0.25,0.5,20,2,1,2,1,4,1,4,2,1,1,2,4,1,2,3,1,3,2,2,4,4,4,2,1,2,3,1,3,3,0.5,0.5
"124",124,6031,0.333333333333333,0.333333333333333,1,0,0,0,1,0.0833333333333333,0.416666666666667,19,2,7,2,1,4,3,1,1,1,1,3,4,3,2,3,3,3,1,3,3,2,2,2,4,1,2,4,1,4,3,1,4,4,4,0.166666666666667,0.666666666666667,113,0,0.333333333333333,0.666666666666667,0,0.333333333333333,0,0.4,0.166666666666667,0.25,19,2,7,1,1,1,3,4,4,3,1,2,2,1,3,4,4,2,2,4,2,2,4,1,4,3,2,1,4,3,0,0.5
"125",125,6071,0.666666666666667,0,0.666666666666667,0.666666666666667,0.666666666666667,0.5,0.4,0.583333333333333,0.5,18,1,2,3,2,1,4,1,1,1,2,1,1,4,4,2,1,1,1,1,1,4,1,2,2,3,2,2,3,3,2,4,3,1,4,0.5,0.5,114,0.666666666666667,0.333333333333333,1,0.333333333333333,0.666666666666667,0.5,0.6,0.416666666666667,0.583333333333333,18,1,2,1,1,2,1,1,4,4,4,3,1,3,1,1,4,1,2,2,3,4,2,4,1,2,1,3,3,1,0.5,0.666666666666667
"126",126,6088,1,1,0.333333333333333,0.666666666666667,1,0.75,0.6,0.666666666666667,0.75,18,2,7,4,1,2,3,1,1,2,1,1,1,4,1,1,2,1,2,2,2,2,4,3,3,2,3,3,3,4,2,4,4,3,4,0.833333333333333,0.666666666666667,NA,NA,NA,NA,NA,NA,NA,NA,NA,NA,NA,NA,NA,NA,NA,NA,NA,NA,NA,NA,NA,NA,NA,NA,NA,NA,NA,NA,NA,NA,NA,NA,NA,NA,NA,NA,NA,NA,NA,NA,NA,NA
"127",127,6099,0.666666666666667,0.333333333333333,0.333333333333333,0.666666666666667,1,0.25,0.4,0.25,0.5,18,2,1,2,1,4,3,1,1,1,1,2,2,3,1,1,2,1,3,3,2,1,1,4,2,2,3,2,1,4,4,4,4,3,4,0.5,0.5,NA,NA,NA,NA,NA,NA,NA,NA,NA,NA,NA,NA,NA,NA,NA,NA,NA,NA,NA,NA,NA,NA,NA,NA,NA,NA,NA,NA,NA,NA,NA,NA,NA,NA,NA,NA,NA,NA,NA,NA,NA,NA
"128",128,6115,0.333333333333333,0,0.666666666666667,0,0.333333333333333,0,0.4,0.333333333333333,0.25,20,2,2,3,4,1,2,1,1,2,2,2,1,3,4,1,1,1,3,3,2,4,1,1,3,2,4,4,1,3,4,3,2,3,2,0.166666666666667,0.333333333333333,115,0,0,0.666666666666667,0.666666666666667,0.333333333333333,0.25,0.4,0.0833333333333333,0.333333333333333,20,2,2,1,2,2,3,2,3,2,1,2,4,3,3,1,4,1,1,1,4,2,3,4,3,2,1,4,3,2,0.166666666666667,0.5
"129",129,6163,1,1,1,0.666666666666667,0.666666666666667,1,1,0.916666666666667,0.916666666666667,18,2,1,1,4,3,2,1,2,1,4,2,2,2,2,2,2,3,3,2,3,3,3,4,4,4,3,4,4,1,1,1,1,1,1,1,0.833333333333333,116,0.666666666666667,1,1,0.666666666666667,0.666666666666667,0.75,1,0.75,0.833333333333333,18,2,1,2,1,4,2,1,2,2,2,2,3,2,4,3,3,3,4,4,4,3,2,4,1,1,1,1,1,1,0.833333333333333,0.833333333333333
"130",130,6169,0,0.333333333333333,0.333333333333333,0.333333333333333,0,0.25,0.4,0.25,0.25,18,1,6,4,3,2,1,1,2,1,3,3,1,1,1,1,1,4,4,1,4,4,4,4,2,2,2,2,2,3,3,3,3,3,3,0.166666666666667,0.333333333333333,117,0,0,0.333333333333333,0.333333333333333,0,0.25,0.2,0.333333333333333,0.166666666666667,18,1,6,2,1,3,1,3,3,1,1,1,4,4,1,4,3,4,3,2,2,2,2,2,3,4,1,3,3,3,0.166666666666667,0.166666666666667
"131",131,6178,0.666666666666667,0.333333333333333,0.333333333333333,0,0.333333333333333,0.25,0.4,0.416666666666667,0.333333333333333,18,1,2,1,2,3,4,1,2,2,4,4,3,2,2,4,3,1,3,2,2,4,3,1,3,2,1,2,4,1,1,1,3,2,1,0.5,0.166666666666667,118,0,0.666666666666667,0.333333333333333,0.333333333333333,0,0.5,0.4,0.416666666666667,0.333333333333333,18,1,2,2,2,4,3,2,4,4,4,3,4,3,4,3,3,3,3,1,1,1,1,4,1,1,1,2,2,4,0.333333333333333,0.333333333333333
"132",132,6184,0.666666666666667,0.333333333333333,0.666666666666667,0.333333333333333,0.333333333333333,0.5,0.6,0.416666666666667,0.5,18,2,6,4,1,2,3,1,1,2,1,1,2,2,4,1,4,2,2,2,2,4,2,4,2,3,2,3,1,3,3,3,3,4,4,0.5,0.5,119,0,0.333333333333333,0.666666666666667,0,0.333333333333333,0,0.4,0.583333333333333,0.25,18,2,6,1,2,1,1,4,3,2,1,2,2,2,2,3,3,2,4,2,3,2,4,1,4,4,1,2,4,2,0,0.5
"133",133,6228,0,0.333333333333333,0.333333333333333,0.333333333333333,0.666666666666667,0,0.2,0.5,0.25,19,2,2,3,2,1,4,1,1,1,2,3,2,4,2,4,3,1,1,2,3,3,1,2,1,3,2,3,4,3,3,2,2,2,2,0,0.5,120,0,0.333333333333333,0.666666666666667,0.333333333333333,0.666666666666667,0,0.4,0.416666666666667,0.333333333333333,19,2,2,1,1,2,4,2,4,2,4,2,2,2,4,3,4,2,1,1,2,2,4,4,3,3,2,3,3,1,0,0.666666666666667
"134",134,6361,0.666666666666667,0.666666666666667,0.333333333333333,0.333333333333333,0.666666666666667,0.5,0.4,0.333333333333333,0.5,18,2,2,2,1,4,3,1,1,1,1,1,4,1,1,1,2,4,2,3,2,2,2,3,4,4,4,3,4,3,2,3,3,3,2,0.5,0.5,121,0.333333333333333,0.333333333333333,0,0.333333333333333,0.666666666666667,0.25,0,0.25,0.25,18,2,2,1,1,1,1,3,1,1,1,3,3,1,4,2,1,1,3,4,2,4,2,2,1,3,2,3,3,2,0.333333333333333,0.166666666666667
"135",135,6365,1,1,0.666666666666667,1,1,1,0.8,0.666666666666667,0.916666666666667,19,2,1,2,3,4,1,1,2,2,3,3,3,3,3,3,3,4,1,3,4,4,2,1,4,4,1,1,1,2,2,2,2,2,2,1,0.833333333333333,NA,NA,NA,NA,NA,NA,NA,NA,NA,NA,NA,NA,NA,NA,NA,NA,NA,NA,NA,NA,NA,NA,NA,NA,NA,NA,NA,NA,NA,NA,NA,NA,NA,NA,NA,NA,NA,NA,NA,NA,NA,NA
"136",136,6385,0,0,0.666666666666667,0,0,0,0.4,0.25,0.166666666666667,17,2,2,2,3,4,1,1,2,2,3,4,2,3,4,2,1,3,1,1,1,3,3,3,1,4,2,4,3,2,1,4,2,2,1,0,0.333333333333333,122,0,0,0,0,0,0,0,0.416666666666667,0,17,2,2,2,2,3,3,1,4,2,4,1,3,4,4,3,2,2,1,4,2,2,3,3,2,3,4,1,1,1,0,0
"137",137,6412,0.666666666666667,0.333333333333333,0,0.666666666666667,1,0.5,0,0.5,0.416666666666667,18,2,1,2,1,4,3,1,1,1,1,1,1,1,1,1,1,4,1,1,4,4,4,3,3,3,3,3,4,2,2,2,2,2,2,0.5,0.333333333333333,123,0.333333333333333,0.666666666666667,0.333333333333333,0.666666666666667,1,0.5,0.2,0.583333333333333,0.5,18,2,1,1,1,1,1,2,1,1,1,1,2,4,1,4,4,2,2,3,3,3,1,3,4,2,4,2,2,2,0.5,0.5
"138",138,6429,1,0.666666666666667,1,0.666666666666667,1,0.5,1,0.666666666666667,0.833333333333333,18,2,2,1,4,3,2,1,2,1,4,2,1,2,2,2,3,3,3,3,3,3,3,3,3,4,4,4,3,3,1,1,1,1,1,0.666666666666667,1,124,0.333333333333333,0.666666666666667,0.333333333333333,0.333333333333333,0.666666666666667,0.25,0.4,0.333333333333333,0.416666666666667,18,2,2,2,1,4,2,1,4,2,2,4,3,3,3,3,3,4,1,1,1,1,1,1,4,4,4,1,4,3,0.333333333333333,0.5
"139",139,6435,1,0.666666666666667,0.666666666666667,0.333333333333333,0.666666666666667,0.5,0.8,0.416666666666667,0.666666666666667,18,2,6,1,4,3,2,1,2,1,4,2,1,1,2,2,2,4,1,4,1,3,4,4,4,3,3,4,3,3,1,1,1,1,1,0.666666666666667,0.666666666666667,125,0.333333333333333,0.666666666666667,0.666666666666667,0.666666666666667,0.666666666666667,0.5,0.6,0.333333333333333,0.583333333333333,18,2,6,2,1,4,2,1,2,3,2,2,4,1,3,1,4,4,1,1,3,4,3,4,4,1,3,1,1,1,0.5,0.666666666666667
"140",140,6467,0.333333333333333,0.666666666666667,0,0.666666666666667,0.333333333333333,0.75,0.2,0.583333333333333,0.416666666666667,20,2,6,2,3,4,1,1,2,2,3,2,3,3,2,4,4,2,4,2,4,4,1,1,1,1,1,1,1,3,2,3,3,3,4,0.5,0.333333333333333,126,0.333333333333333,0.333333333333333,0,0,0,0.5,0,0.416666666666667,0.166666666666667,20,2,6,2,2,3,4,3,4,2,4,4,2,4,2,3,2,3,1,1,1,4,1,1,3,3,3,3,3,4,0.333333333333333,0
"141",141,6482,0.333333333333333,0,0,0.333333333333333,0.666666666666667,0,0,0.25,0.166666666666667,18,2,2,3,2,1,4,1,1,1,2,1,3,4,4,2,1,2,3,4,3,4,4,1,4,3,2,4,1,3,3,1,2,1,2,0.166666666666667,0.166666666666667,127,0,0.333333333333333,0,0.666666666666667,0.333333333333333,0.25,0.2,0.25,0.25,18,2,2,1,1,2,2,1,1,3,1,4,2,1,4,4,1,4,3,3,3,2,1,4,3,2,3,2,4,2,0.166666666666667,0.333333333333333
"142",142,6522,1,0.666666666666667,0.666666666666667,1,1,1,0.6,0.75,0.833333333333333,18,2,2,4,1,2,3,1,1,2,1,1,1,1,1,1,1,2,4,2,2,4,3,4,4,3,3,3,3,4,4,4,4,4,4,1,0.666666666666667,128,1,0.666666666666667,0.666666666666667,0,0.666666666666667,0.5,0.6,0.75,0.583333333333333,18,2,2,1,2,1,1,1,1,1,1,4,2,3,2,3,1,3,2,2,3,1,3,3,4,4,4,4,4,4,0.666666666666667,0.5
"143",143,6672,1,1,1,1,1,1,1,0.583333333333333,1,18,2,2,1,2,3,4,1,2,2,4,2,3,2,2,2,2,4,3,3,3,3,3,1,3,3,4,4,4,1,1,1,1,1,1,1,1,129,1,1,1,1,1,1,1,0.583333333333333,1,18,2,2,2,2,4,2,3,2,2,2,2,3,4,3,3,3,3,3,3,1,4,4,4,1,1,1,1,1,1,1,1
"144",144,6718,0.333333333333333,0.333333333333333,0,0.333333333333333,0.333333333333333,0.5,0,0.25,0.25,19,1,1,2,2,4,3,0.75,1,1,1,4,3,4,2,4,3,3,2,3,3,4,3,3,2,3,3,3,3,1,3,2,3,3,2,0.333333333333333,0.166666666666667,130,0.333333333333333,0.333333333333333,0,0.333333333333333,0.333333333333333,0.5,0,0.25,0.25,20,1,1,1,1,1,3,3,3,3,3,3,3,3,3,4,3,3,3,3,3,3,3,3,3,2,3,3,3,3,0.333333333333333,0.166666666666667
"145",145,6754,0.333333333333333,0.333333333333333,0.333333333333333,0.666666666666667,0.333333333333333,0.5,0.4,0.5,0.416666666666667,18,1,5,3,2,1,4,1,1,1,2,4,4,1,4,1,4,1,1,4,1,1,1,3,2,1,3,3,3,3,2,2,2,2,2,0.5,0.333333333333333,NA,NA,NA,NA,NA,NA,NA,NA,NA,NA,NA,NA,NA,NA,NA,NA,NA,NA,NA,NA,NA,NA,NA,NA,NA,NA,NA,NA,NA,NA,NA,NA,NA,NA,NA,NA,NA,NA,NA,NA,NA,NA
"146",146,6828,1,0.666666666666667,0.666666666666667,0.666666666666667,0.333333333333333,1,0.8,0.833333333333333,0.75,18,2,1,1,4,3,2,1,2,1,4,2,2,2,2,4,2,3,3,2,3,3,3,4,2,4,3,4,4,1,1,1,3,1,1,1,0.5,131,0.666666666666667,0.333333333333333,0.666666666666667,0.333333333333333,0.333333333333333,0.75,0.4,0.5,0.5,18,2,1,2,1,4,3,3,2,2,3,4,3,3,2,3,4,1,4,2,3,1,4,4,1,1,3,1,1,3,0.666666666666667,0.333333333333333
"147",147,6898,1,1,1,0.666666666666667,1,0.75,1,0.75,0.916666666666667,20,2,6,2,3,4,1,1,2,2,3,3,4,2,3,3,2,3,4,4,4,4,4,1,1,1,1,1,1,2,2,2,2,2,2,0.833333333333333,1,132,0.333333333333333,1,1,0.666666666666667,0.666666666666667,0.5,1,0.416666666666667,0.75,20,2,6,2,2,3,3,2,2,1,3,2,4,3,4,4,4,4,2,1,2,1,3,1,1,2,3,2,2,2,0.5,1
"148",148,6945,0,0.666666666666667,0.666666666666667,0,0,0.25,0.6,0.416666666666667,0.333333333333333,19,1,1,3,2,1,4,1,1,1,2,1,4,1,1,1,1,4,1,3,4,1,3,4,2,2,4,3,2,3,4,2,3,3,4,0.166666666666667,0.5,133,0,0.333333333333333,0,0,0,0.25,0,0.25,0.0833333333333333,19,1,1,1,1,2,2,4,1,1,2,1,4,4,3,2,3,3,3,1,2,3,1,2,3,4,2,4,4,1,0.166666666666667,0
"149",149,6967,0,0.666666666666667,1,0.666666666666667,0.666666666666667,0.25,0.8,0.416666666666667,0.583333333333333,18,1,6,4,1,2,3,1,1,2,1,1,2,3,2,1,1,3,2,1,4,2,2,3,3,1,3,2,4,1,3,4,4,4,2,0.166666666666667,1,134,0,0,0.666666666666667,0.666666666666667,0.333333333333333,0.25,0.4,0.416666666666667,0.333333333333333,18,1,6,1,2,1,4,2,1,4,2,3,3,2,2,2,1,1,3,3,1,3,2,2,3,3,3,4,4,2,0.166666666666667,0.5
"150",150,6979,0.666666666666667,0.666666666666667,0.666666666666667,0,0.333333333333333,0.25,0.8,0.25,0.5,18,1,6,4,3,2,1,1,2,1,3,1,4,4,3,4,4,2,3,1,3,4,1,4,3,4,2,3,1,2,2,2,2,2,2,0.5,0.5,135,1,0.333333333333333,0.666666666666667,0.333333333333333,0.333333333333333,0.75,0.6,0.5,0.583333333333333,18,1,6,2,1,3,3,3,1,3,4,4,2,3,3,4,3,2,4,4,1,2,1,1,2,2,2,2,2,2,0.833333333333333,0.333333333333333
"151",151,7067,1,0.666666666666667,0.666666666666667,0.333333333333333,0.666666666666667,0.75,0.6,0.666666666666667,0.666666666666667,18,2,1,2,3,4,1,1,2,2,3,3,3,3,3,3,3,4,4,3,1,1,3,1,3,4,2,1,1,2,2,3,2,2,2,0.833333333333333,0.5,136,0.666666666666667,0.333333333333333,0.666666666666667,0.333333333333333,0.666666666666667,0.25,0.6,0.333333333333333,0.5,18,2,1,2,2,3,3,4,1,3,3,3,1,1,1,3,1,1,4,1,3,4,4,4,2,2,3,2,2,2,0.5,0.5
"152",152,7108,1,1,0.666666666666667,0.666666666666667,0.666666666666667,1,0.8,0.5,0.833333333333333,18,2,2,2,3,4,1,1,2,2,3,1,3,4,3,3,3,1,1,3,4,4,1,4,1,1,3,1,1,2,2,2,2,2,2,1,0.666666666666667,137,1,1,0.666666666666667,0.666666666666667,0.666666666666667,1,0.8,0.5,0.833333333333333,18,2,2,2,2,3,3,3,4,3,3,3,4,4,3,4,4,1,4,4,1,3,1,1,3,2,1,2,2,2,1,0.666666666666667
"153",153,7137,0,0,0,0.333333333333333,0,0.25,0,0.25,0.0833333333333333,19,1,1,1,2,3,4,1,2,2,4,4,3,2,1,1,1,3,3,1,3,4,1,2,1,2,2,2,2,2,4,4,4,4,4,0.166666666666667,0,138,0,0.333333333333333,0,0.333333333333333,0.666666666666667,0,0,0.333333333333333,0.166666666666667,19,1,1,2,2,4,1,3,2,1,2,3,3,3,1,2,1,1,2,2,1,4,2,2,1,4,3,4,4,4,0,0.333333333333333
"154",154,7152,1,0.666666666666667,1,0.666666666666667,0.666666666666667,0.75,1,0.833333333333333,0.833333333333333,18,2,4,1,4,3,2,1,2,1,4,2,2,2,2,2,2,3,3,4,3,3,3,4,2,4,3,4,3,1,1,1,1,1,1,0.833333333333333,0.833333333333333,139,1,0.666666666666667,0.666666666666667,1,1,0.75,0.8,0.666666666666667,0.833333333333333,18,2,4,2,1,4,2,2,2,2,2,2,2,3,4,3,3,3,4,2,4,4,4,3,1,1,2,4,1,1,0.833333333333333,0.833333333333333
"155",155,7353,1,0.666666666666667,0.666666666666667,1,1,0.75,0.8,0.916666666666667,0.833333333333333,20,2,5,3,4,1,2,1,1,2,2,4,4,4,4,4,4,1,1,4,1,1,3,2,2,2,2,2,4,3,3,3,3,3,3,0.833333333333333,0.833333333333333,140,0.333333333333333,0,0.666666666666667,0.333333333333333,0,0.5,0.4,0.416666666666667,0.333333333333333,20,2,5,1,2,2,4,3,3,3,3,4,1,1,4,4,3,4,4,2,3,3,2,4,4,3,4,3,3,4,0.333333333333333,0.333333333333333
"156",156,7370,0.666666666666667,1,0.666666666666667,0.333333333333333,0.666666666666667,0.75,0.6,0.833333333333333,0.666666666666667,19,1,1,1,2,3,4,1,2,2,4,2,2,2,2,2,3,3,3,2,3,3,3,4,4,4,3,4,4,1,1,2,1,3,3,0.666666666666667,0.666666666666667,141,0.666666666666667,1,1,0.333333333333333,0.666666666666667,0.75,0.8,0.916666666666667,0.75,19,1,1,2,2,4,2,2,2,2,2,3,3,3,3,3,3,3,4,4,4,1,4,4,1,1,2,1,1,3,0.666666666666667,0.833333333333333
"157",157,7385,1,1,0.666666666666667,1,1,1,0.8,0.583333333333333,0.916666666666667,18,1,4,3,2,1,4,1,1,1,2,3,4,2,4,4,4,1,1,4,1,1,3,2,2,1,2,2,2,3,2,3,3,3,3,1,0.833333333333333,142,1,1,1,0.333333333333333,1,0.5,1,0.5,0.833333333333333,18,1,4,1,1,2,1,3,1,4,4,1,1,4,4,4,1,1,2,2,4,2,2,2,3,3,3,3,3,3,0.666666666666667,1
"158",158,7577,0.333333333333333,0.666666666666667,0.333333333333333,0.666666666666667,0.666666666666667,0.5,0.4,0.5,0.5,20,2,1,3,4,1,2,1,1,2,2,4,4,4,4,4,4,1,1,1,1,1,1,3,3,4,3,3,3,2,2,2,2,2,4,0.5,0.5,143,0.666666666666667,0.333333333333333,0.666666666666667,0.666666666666667,0.333333333333333,0.5,0.8,0.5,0.583333333333333,20,2,1,1,2,2,4,4,4,4,1,4,1,1,1,1,1,1,3,3,4,1,3,1,4,4,2,4,3,3,0.666666666666667,0.5
"159",159,7598,1,0,0,0.666666666666667,0.666666666666667,0.5,0.2,0.583333333333333,0.416666666666667,19,2,2,2,3,4,1,1,2,2,3,2,3,3,3,2,3,4,2,3,3,3,3,1,1,1,1,1,2,4,4,2,4,4,2,0.666666666666667,0.166666666666667,144,0.666666666666667,0.333333333333333,0,0,0.333333333333333,0.5,0,0.25,0.25,19,2,2,2,2,3,2,4,4,3,2,4,4,3,2,3,3,3,3,4,1,3,1,1,4,4,2,4,4,4,0.5,0
"160",160,7734,0.666666666666667,0,0.666666666666667,0.333333333333333,0.333333333333333,0.5,0.4,0.5,0.416666666666667,18,2,2,3,4,1,2,1,1,2,2,2,4,4,4,3,2,1,1,2,1,2,1,4,3,2,3,2,3,3,4,4,3,4,2,0.5,0.333333333333333,145,0.333333333333333,0.333333333333333,0.666666666666667,0.666666666666667,0.333333333333333,0.5,0.6,0.0833333333333333,0.5,18,2,2,1,2,2,1,3,1,1,1,4,2,1,3,4,2,1,3,3,3,2,1,2,2,4,4,4,3,3,0.5,0.5
"161",161,7751,0.333333333333333,0,0.666666666666667,0.333333333333333,0,0.25,0.6,0.5,0.333333333333333,18,2,6,2,3,4,1,1,2,2,3,1,1,2,1,2,2,4,4,3,4,3,4,1,3,1,2,2,3,3,2,2,3,2,2,0.333333333333333,0.333333333333333,146,0.333333333333333,0,1,1,0.333333333333333,0.75,0.6,0.583333333333333,0.583333333333333,18,2,6,2,2,3,3,1,2,2,2,3,4,4,3,4,3,4,1,1,2,1,1,4,2,2,3,2,2,3,0.5,0.666666666666667
"162",162,7837,1,0.333333333333333,1,1,1,0.75,0.8,0.75,0.833333333333333,19,2,2,4,1,2,3,1,1,2,1,1,1,1,1,1,1,2,2,1,2,4,2,4,3,3,3,3,1,4,4,2,4,4,4,0.833333333333333,0.833333333333333,NA,NA,NA,NA,NA,NA,NA,NA,NA,NA,NA,NA,NA,NA,NA,NA,NA,NA,NA,NA,NA,NA,NA,NA,NA,NA,NA,NA,NA,NA,NA,NA,NA,NA,NA,NA,NA,NA,NA,NA,NA,NA
"163",163,7877,0.333333333333333,0.333333333333333,0.666666666666667,0.333333333333333,0,0.25,0.8,0.333333333333333,0.416666666666667,20,1,1,3,4,1,2,1,1,2,2,2,3,4,2,3,1,1,3,2,1,1,1,2,4,2,1,4,3,1,1,4,3,4,3,0.333333333333333,0.5,147,0,0,0.333333333333333,0.333333333333333,0,0.25,0.2,0.0833333333333333,0.166666666666667,20,1,1,1,2,2,1,2,1,1,2,4,1,4,2,2,4,3,4,4,1,4,4,3,1,4,2,3,2,2,0.166666666666667,0.166666666666667
"164",164,7918,0.666666666666667,0.333333333333333,1,0.666666666666667,1,0.25,0.8,0.583333333333333,0.666666666666667,20,1,2,3,2,1,4,1,1,1,2,4,3,3,4,4,2,1,1,1,1,3,1,2,3,3,2,4,4,3,4,3,3,3,3,0.5,0.833333333333333,NA,NA,NA,NA,NA,NA,NA,NA,NA,NA,NA,NA,NA,NA,NA,NA,NA,NA,NA,NA,NA,NA,NA,NA,NA,NA,NA,NA,NA,NA,NA,NA,NA,NA,NA,NA,NA,NA,NA,NA,NA,NA
"165",165,7941,0.666666666666667,0.333333333333333,0.666666666666667,0.333333333333333,0.666666666666667,0.25,0.6,0.416666666666667,0.5,19,2,4,4,1,2,3,1,1,2,1,1,1,1,1,1,1,3,3,3,3,3,3,4,2,2,2,2,2,4,3,4,4,4,4,0.5,0.5,148,0.666666666666667,0,0.666666666666667,0.333333333333333,0.333333333333333,0.25,0.6,0.416666666666667,0.416666666666667,19,2,4,1,2,1,1,4,1,1,4,1,3,3,4,3,3,3,4,2,3,2,2,2,4,3,4,4,4,4,0.5,0.333333333333333
"166",166,7944,0.333333333333333,0.333333333333333,1,0.333333333333333,0,0.25,1,0.583333333333333,0.5,18,2,2,4,1,2,3,1,1,2,1,3,3,1,3,3,3,2,2,2,2,2,2,1,1,1,1,1,1,4,4,4,4,4,4,0.333333333333333,0.666666666666667,149,0.333333333333333,0.666666666666667,1,0.333333333333333,0,0.5,1,0.5,0.583333333333333,18,2,2,1,2,1,3,3,4,3,3,3,2,2,2,2,2,2,1,1,4,1,1,3,4,4,4,4,4,4,0.5,0.666666666666667
"167",167,7960,0.666666666666667,0.666666666666667,0.666666666666667,0.333333333333333,0.333333333333333,0.75,0.6,0.666666666666667,0.583333333333333,19,2,1,1,2,3,4,1,2,2,4,2,2,1,4,2,2,3,3,4,1,1,4,4,3,4,3,4,4,1,1,2,1,1,1,0.666666666666667,0.5,150,0.333333333333333,0.666666666666667,0.666666666666667,0.666666666666667,0.666666666666667,0.75,0.4,0.5,0.583333333333333,19,2,1,2,2,4,2,2,1,2,2,2,3,3,4,3,4,4,4,1,4,3,2,4,3,3,2,1,1,3,0.666666666666667,0.5
"168",168,7990,0.333333333333333,0.666666666666667,0.333333333333333,0.333333333333333,0.333333333333333,0.5,0.4,0.416666666666667,0.416666666666667,19,2,1,2,3,4,1,1,2,2,3,2,3,3,4,3,4,1,1,2,4,3,1,2,3,3,4,2,1,2,2,2,2,1,2,0.5,0.333333333333333,151,0.666666666666667,0.333333333333333,1,0,0.333333333333333,0.25,0.8,0.416666666666667,0.5,19,2,1,2,2,3,2,2,2,2,3,2,3,2,4,2,2,4,2,1,2,3,1,2,2,2,2,2,2,2,0.333333333333333,0.666666666666667
"169",169,8003,0.333333333333333,0.333333333333333,0.333333333333333,0,0.666666666666667,0,0.2,0.333333333333333,0.25,18,1,1,2,3,4,1,1,2,2,3,2,1,2,3,3,4,2,3,4,3,3,2,1,4,3,4,4,4,2,2,3,2,4,3,0.166666666666667,0.333333333333333,152,0,0,0.333333333333333,0,0,0,0.2,0.25,0.0833333333333333,18,1,1,2,2,3,2,2,1,1,1,2,2,1,4,2,2,3,3,4,4,3,4,3,2,1,2,2,3,4,0,0.166666666666667
"170",170,8016,0.666666666666667,0.666666666666667,0.333333333333333,0.333333333333333,0.333333333333333,0.75,0.4,0.416666666666667,0.5,18,2,4,2,3,4,1,1,2,2,3,2,3,2,3,2,2,4,4,1,4,4,4,1,2,1,4,1,1,3,3,3,3,3,3,0.666666666666667,0.333333333333333,153,1,0.666666666666667,0.666666666666667,0.333333333333333,0.333333333333333,0.75,0.8,0.25,0.666666666666667,18,2,4,2,2,3,2,2,4,3,2,2,4,4,3,4,4,4,2,2,4,4,1,1,3,2,3,2,3,2,0.833333333333333,0.5
"171",171,8045,0.666666666666667,0.333333333333333,0.666666666666667,0.333333333333333,0.666666666666667,0.25,0.6,0.166666666666667,0.5,22,1,1,4,3,2,1,1,2,1,3,3,1,3,3,3,3,1,3,3,3,3,2,3,2,3,4,4,4,1,1,1,2,2,2,0.5,0.5,154,0,0,0.333333333333333,0.333333333333333,0,0.25,0.2,0.166666666666667,0.166666666666667,22,1,1,2,1,3,3,4,2,2,4,3,1,4,3,2,2,2,4,2,2,3,4,2,1,1,4,1,2,1,0.166666666666667,0.166666666666667
"172",172,8103,1,1,1,1,1,1,1,0.833333333333333,1,18,2,2,3,2,1,4,1,1,1,2,4,4,4,4,4,4,1,1,1,1,1,1,3,2,3,2,2,2,3,3,3,3,3,3,1,1,155,1,1,0.666666666666667,1,1,1,0.8,0.833333333333333,0.916666666666667,18,2,2,1,1,2,4,4,4,4,4,4,1,1,1,1,1,1,3,2,4,2,2,2,3,3,3,4,3,3,1,0.833333333333333
"173",173,8109,0.666666666666667,1,0.666666666666667,1,0.666666666666667,1,0.8,0.583333333333333,0.833333333333333,18,2,7,4,1,2,3,1,1,2,1,1,1,1,4,1,1,2,2,3,2,2,3,2,4,4,3,3,3,4,4,1,4,4,4,0.833333333333333,0.833333333333333,156,0.333333333333333,0.666666666666667,0,0.666666666666667,0.666666666666667,0.25,0.4,0.5,0.416666666666667,18,2,7,1,2,1,1,1,3,4,1,2,2,2,2,2,2,3,2,4,4,3,2,2,4,2,3,1,3,4,0.333333333333333,0.5
"174",174,8120,0,0,0,0,0,0,0,0,0,18,2,6,2,1,4,3,1,1,1,1,2,2,2,2,2,2,1,3,1,1,3,1,4,4,4,4,4,4,3,3,3,3,3,3,0,0,157,0,0,0,0,0,0,0,0,0,18,2,6,1,1,1,2,2,2,2,2,2,1,3,1,1,3,1,4,4,4,2,4,4,3,3,3,3,3,3,0,0
"175",175,8134,0.666666666666667,0.666666666666667,0.666666666666667,0.666666666666667,0.666666666666667,0.75,0.6,0.416666666666667,0.666666666666667,19,2,1,1,4,3,2,1,2,1,4,2,3,1,2,2,2,3,4,2,3,3,1,1,4,2,3,4,1,1,1,3,1,1,2,0.666666666666667,0.666666666666667,158,0,0.333333333333333,0.333333333333333,0,0,0,0.4,0.166666666666667,0.166666666666667,19,2,1,2,1,4,3,1,3,4,1,4,4,2,2,2,3,4,1,1,4,3,2,2,2,2,1,3,1,4,0,0.333333333333333
"176",176,8171,0.666666666666667,0.666666666666667,0.666666666666667,0.333333333333333,0.666666666666667,0.5,0.6,0.75,0.583333333333333,18,1,1,4,3,2,1,1,2,1,3,3,2,2,2,3,2,4,4,4,2,2,4,1,1,1,1,1,1,2,2,3,4,2,2,0.5,0.666666666666667,159,1,1,1,1,1,1,1,0.333333333333333,1,18,1,1,2,1,3,3,2,2,3,3,3,4,2,2,4,4,4,1,3,2,1,1,1,3,2,4,2,2,2,1,1
"177",177,8235,0.333333333333333,0.333333333333333,0.333333333333333,0.333333333333333,0,0.5,0.4,0.666666666666667,0.333333333333333,21,1,1,4,3,2,1,1,2,1,3,3,3,3,2,2,4,4,4,3,4,2,2,1,3,1,2,3,1,3,1,2,3,2,2,0.5,0.166666666666667,160,0.333333333333333,0.333333333333333,0.333333333333333,0.333333333333333,1,0,0.2,0.333333333333333,0.333333333333333,21,1,1,2,1,3,3,2,2,3,3,4,4,1,2,3,3,1,2,1,3,1,3,2,4,2,3,1,2,1,0.166666666666667,0.5
"178",178,8238,0.333333333333333,0.333333333333333,0,1,0.666666666666667,0.75,0,0.0833333333333333,0.416666666666667,18,2,6,2,3,3,1,1,2,2,3,2,2,2,3,4,3,3,3,3,4,2,3,2,4,3,1,4,1,3,2,3,3,1,1,0.666666666666667,0.166666666666667,161,0.333333333333333,0,0.666666666666667,0.333333333333333,0.333333333333333,0.25,0.4,0.333333333333333,0.333333333333333,18,2,6,2,2,3,2,1,3,3,1,3,4,1,1,1,2,2,1,3,3,3,4,4,2,1,4,2,2,4,0.333333333333333,0.333333333333333
"179",179,8286,0.333333333333333,0.666666666666667,0,0.333333333333333,1,0,0.2,0.25,0.333333333333333,19,2,4,1,2,3,4,1,2,2,4,2,1,3,2,2,4,1,1,4,1,3,4,4,4,3,4,1,3,2,4,4,4,3,3,0.166666666666667,0.5,162,0.333333333333333,0,0.333333333333333,0,0.333333333333333,0,0.2,0.25,0.166666666666667,19,2,4,2,2,4,1,3,4,2,3,3,1,4,3,4,4,3,3,4,1,3,2,1,1,3,4,3,4,3,0.166666666666667,0.166666666666667
"180",180,8385,1,0.666666666666667,1,0.666666666666667,0.666666666666667,1,0.8,0.916666666666667,0.833333333333333,17,2,2,4,3,2,1,1,2,1,3,3,3,3,3,3,3,4,1,4,4,3,4,1,1,1,4,1,1,2,2,2,2,2,2,1,0.666666666666667,163,0.666666666666667,0.333333333333333,1,0.666666666666667,0.333333333333333,0.75,0.8,0.833333333333333,0.666666666666667,17,2,2,2,1,3,3,1,3,4,3,3,4,4,1,4,3,4,1,1,1,2,1,4,2,2,2,2,2,2,0.666666666666667,0.666666666666667
"181",181,8454,0.333333333333333,0.666666666666667,1,0.333333333333333,0.666666666666667,0.5,0.6,0.666666666666667,0.583333333333333,18,2,7,3,2,1,4,1,1,1,2,4,2,4,4,4,2,1,1,2,1,4,1,3,2,1,1,4,2,3,3,3,3,3,4,0.5,0.666666666666667,164,0,0.333333333333333,1,0.333333333333333,0.333333333333333,0.25,0.6,0.5,0.416666666666667,18,2,7,1,1,2,4,1,2,1,4,2,3,1,2,1,4,1,3,2,1,1,4,4,3,3,3,3,3,1,0.166666666666667,0.666666666666667
"182",182,8622,0.666666666666667,1,1,0.666666666666667,0.666666666666667,1,0.8,0.333333333333333,0.833333333333333,20,2,1,4,3,2,1,1,2,1,3,3,3,1,3,3,3,2,2,4,4,4,4,2,1,4,4,1,1,1,4,1,2,2,1,0.833333333333333,0.833333333333333,165,0.666666666666667,0.666666666666667,1,0.333333333333333,1,0.5,0.6,0.25,0.666666666666667,20,2,1,2,1,3,3,1,1,3,3,4,1,4,4,2,1,4,2,2,4,1,1,1,4,1,3,2,2,4,0.5,0.833333333333333
"183",183,8641,1,0.333333333333333,1,0.666666666666667,0.333333333333333,0.75,1,0.75,0.75,17,2,1,1,4,3,2,1,2,1,4,2,2,3,2,1,2,1,3,3,3,3,3,4,3,4,1,4,2,1,1,1,1,1,1,0.833333333333333,0.666666666666667,166,0.666666666666667,0.333333333333333,1,0.666666666666667,0,0.75,1,0.416666666666667,0.666666666666667,17,2,1,2,1,4,2,2,1,1,3,2,2,2,2,3,3,3,4,1,4,3,4,2,2,3,1,1,1,1,0.666666666666667,0.666666666666667
"184",184,8715,1,0.333333333333333,1,0.333333333333333,0.333333333333333,0.5,1,0.333333333333333,0.666666666666667,19,2,1,1,4,3,2,1,2,1,4,4,3,2,2,4,3,4,3,4,3,3,3,1,3,2,2,4,2,3,1,1,1,1,1,0.666666666666667,0.666666666666667,167,0.333333333333333,0.333333333333333,0.666666666666667,0,0.666666666666667,0,0.4,0.25,0.333333333333333,19,2,1,2,1,4,4,1,3,2,2,3,3,3,4,2,2,4,1,1,2,1,2,2,4,1,3,1,1,3,0.166666666666667,0.5
"185",185,8770,1,0.666666666666667,1,0,0.666666666666667,0.5,0.8,0.5,0.666666666666667,19,2,1,1,4,3,2,1,2,1,4,3,3,3,2,2,3,2,4,3,4,2,3,3,4,4,3,4,4,1,1,1,1,1,1,0.666666666666667,0.666666666666667,168,0,0.333333333333333,0.333333333333333,0.333333333333333,0,0.25,0.4,0.333333333333333,0.25,19,2,1,2,1,4,2,1,1,1,3,2,3,2,3,2,3,1,3,2,3,1,3,3,3,1,3,4,1,4,0.166666666666667,0.333333333333333
"186",186,8848,1,1,0.333333333333333,1,1,1,0.6,0.916666666666667,0.833333333333333,19,2,1,3,2,1,4,1,1,1,2,4,4,4,4,4,4,3,1,1,1,1,3,2,2,2,2,2,2,3,3,3,1,3,3,1,0.666666666666667,169,0.666666666666667,0.666666666666667,0,1,1,1,0,0.833333333333333,0.583333333333333,19,2,1,1,1,2,4,4,4,4,4,4,3,1,3,1,3,3,2,2,2,2,2,2,3,3,3,1,1,1,0.833333333333333,0.333333333333333
"187",187,8852,1,0.666666666666667,1,1,1,1,0.8,0.75,0.916666666666667,18,2,6,3,4,1,2,1,1,2,2,4,4,4,4,4,4,1,1,4,1,4,1,2,2,3,2,2,2,3,3,4,3,3,3,1,0.833333333333333,170,0.333333333333333,0.666666666666667,0.666666666666667,0.666666666666667,0.333333333333333,0.75,0.6,0.333333333333333,0.583333333333333,18,2,6,1,2,2,3,3,2,3,3,3,1,1,3,1,1,1,2,2,4,2,2,2,4,4,2,3,4,4,0.5,0.666666666666667
"188",188,8898,0.666666666666667,0.333333333333333,0.666666666666667,0,0,0.5,0.6,0.25,0.416666666666667,23,1,2,3,2,1,4,1,1,1,2,2,3,2,2,2,1,1,3,2,4,3,1,3,4,2,4,2,2,3,1,2,3,1,3,0.5,0.333333333333333,171,0.666666666666667,0.333333333333333,0,0.333333333333333,1,0,0.2,0.0833333333333333,0.333333333333333,23,1,2,1,1,2,2,1,3,4,4,2,3,3,4,3,2,3,1,4,2,2,4,4,2,1,4,1,1,3,0.333333333333333,0.333333333333333
"189",189,8929,1,0.333333333333333,0.666666666666667,0.333333333333333,0.666666666666667,0.5,0.6,0.333333333333333,0.583333333333333,21,1,6,4,3,2,3,0.75,2,1,3,3,4,2,3,3,3,2,2,3,2,3,4,3,1,4,3,1,3,2,2,4,1,2,2,0.666666666666667,0.5,172,0.666666666666667,0.333333333333333,0.333333333333333,0.333333333333333,0.333333333333333,0.5,0.4,0.166666666666667,0.416666666666667,22,1,6,2,1,3,4,3,2,3,4,2,3,3,3,4,1,1,2,1,4,2,2,1,4,1,3,2,3,2,0.666666666666667,0.166666666666667
"190",190,9048,0,0.666666666666667,0.333333333333333,0,0.333333333333333,0.25,0.2,0.25,0.25,17,2,2,4,1,2,3,1,1,2,1,3,3,1,4,1,2,3,4,2,3,3,4,2,2,2,2,4,3,4,1,1,2,4,2,0.166666666666667,0.333333333333333,173,0,1,0.333333333333333,0.333333333333333,0.333333333333333,0.5,0.4,0.416666666666667,0.416666666666667,17,2,2,1,2,1,4,1,3,2,1,1,2,3,4,4,2,4,3,1,2,2,1,3,4,4,3,4,3,1,0.333333333333333,0.5
"191",191,9113,0,0.333333333333333,1,0.666666666666667,0.333333333333333,0.25,0.8,0.416666666666667,0.5,18,2,1,3,2,1,4,1,1,1,2,2,4,2,2,1,2,3,1,4,1,1,1,2,4,1,2,1,1,3,3,4,3,3,2,0.166666666666667,0.833333333333333,174,1,0.666666666666667,1,0.666666666666667,0.666666666666667,0.75,1,0.0833333333333333,0.833333333333333,18,2,1,1,1,2,2,3,1,4,1,4,3,4,2,4,1,1,3,4,3,2,2,2,4,3,4,3,3,3,0.833333333333333,0.833333333333333
"192",192,9162,0.666666666666667,0,1,0.333333333333333,0.333333333333333,0.25,0.8,0.333333333333333,0.5,18,1,1,1,4,3,2,1,2,1,4,2,1,2,2,1,2,1,4,3,1,1,3,3,1,3,1,3,3,2,3,1,1,1,1,0.5,0.5,175,0.666666666666667,0.333333333333333,0.333333333333333,0.666666666666667,0.333333333333333,0.75,0.4,0.166666666666667,0.5,18,1,1,2,1,4,3,1,3,2,1,2,3,1,4,3,3,3,3,2,2,1,4,1,2,3,1,3,4,3,0.666666666666667,0.333333333333333
"193",193,9234,0.666666666666667,0.666666666666667,1,0.333333333333333,0.666666666666667,0.25,1,0.666666666666667,0.666666666666667,17,2,6,1,4,3,2,1,2,1,4,2,2,2,2,2,1,1,1,3,3,3,3,4,2,4,1,2,3,1,1,4,1,1,1,0.5,0.833333333333333,176,0.666666666666667,0.666666666666667,0.666666666666667,0,0.666666666666667,0,0.8,0.333333333333333,0.5,17,2,6,2,1,4,2,2,1,2,2,1,2,2,4,4,3,1,3,2,4,1,2,3,2,1,3,1,1,1,0.333333333333333,0.666666666666667
"194",194,9274,0,1,0.666666666666667,1,0.666666666666667,0.75,0.6,0.25,0.666666666666667,18,1,1,3,4,1,2,1,1,2,2,2,4,4,3,4,4,3,2,2,1,1,1,4,4,4,2,4,2,3,2,2,4,3,4,0.5,0.833333333333333,177,0,1,0.333333333333333,0.333333333333333,0.333333333333333,0.5,0.4,0.333333333333333,0.416666666666667,18,1,1,1,2,2,2,2,4,3,4,2,2,1,4,1,1,1,3,3,4,3,4,2,2,3,3,4,2,1,0.333333333333333,0.5
"195",195,9390,1,0.333333333333333,0.333333333333333,0.666666666666667,0.333333333333333,1,0.4,0.333333333333333,0.583333333333333,22,1,6,3,2,1,4,1,1,1,2,2,3,4,4,3,4,3,3,4,1,2,4,2,2,3,4,2,2,4,3,1,1,3,3,1,0.166666666666667,178,0.333333333333333,0.666666666666667,0.333333333333333,0,0.333333333333333,0.25,0.4,0.333333333333333,0.333333333333333,22,1,6,1,1,2,2,1,3,4,1,2,2,4,1,2,1,2,2,2,3,1,4,2,4,3,2,2,3,4,0.333333333333333,0.333333333333333
"196",196,9529,0.333333333333333,0.333333333333333,0.333333333333333,0.333333333333333,0.666666666666667,0.25,0.2,0.75,0.333333333333333,20,2,1,4,3,2,1,1,2,1,3,3,2,3,3,3,4,2,4,4,4,1,1,1,1,1,2,3,4,2,2,3,2,4,4,0.333333333333333,0.333333333333333,179,0.333333333333333,0.666666666666667,0.666666666666667,0.666666666666667,0.666666666666667,0.5,0.6,0.5,0.583333333333333,20,2,1,2,1,3,3,4,4,3,3,3,2,2,2,4,4,3,1,1,1,4,3,4,2,2,3,2,2,4,0.5,0.666666666666667
"197",197,9538,0,0,0,0.666666666666667,0.333333333333333,0.25,0,0.166666666666667,0.166666666666667,18,2,5,2,3,4,1,1,2,2,3,1,2,3,1,4,1,2,2,3,4,3,3,2,4,1,1,2,3,4,1,4,1,4,3,0.166666666666667,0.166666666666667,180,0,0,0.333333333333333,0.333333333333333,0.333333333333333,0,0.2,0.416666666666667,0.166666666666667,18,2,5,2,2,3,4,3,1,4,1,2,2,4,4,3,1,3,2,1,3,1,3,4,3,2,3,3,2,1,0,0.333333333333333
"198",198,9551,0.333333333333333,0.666666666666667,1,1,0.666666666666667,0.75,0.8,0.666666666666667,0.75,20,2,1,1,2,3,4,1,2,2,4,1,2,1,1,2,2,3,3,3,3,3,3,4,4,4,4,4,1,2,2,1,1,1,2,0.5,1,181,1,0.333333333333333,0.666666666666667,0.333333333333333,1,0.25,0.6,0.416666666666667,0.583333333333333,20,2,1,2,2,4,2,1,1,2,2,1,3,3,2,2,1,3,4,3,4,4,4,1,2,3,2,1,3,1,0.5,0.666666666666667
"199",199,9574,0.666666666666667,0.333333333333333,0.666666666666667,0.333333333333333,0.333333333333333,0.5,0.6,0.416666666666667,0.5,19,2,2,4,3,2,1,1,2,1,3,4,4,4,4,4,4,3,3,3,3,3,3,1,1,1,1,1,1,2,2,4,2,2,2,0.5,0.5,182,0.666666666666667,0.333333333333333,0.666666666666667,0.666666666666667,0.333333333333333,0.75,0.6,0.416666666666667,0.583333333333333,19,2,2,2,1,3,4,4,2,4,4,3,3,3,3,3,3,3,1,1,1,1,1,1,2,2,4,2,2,2,0.666666666666667,0.5
"200",200,9628,0,0,1,0.333333333333333,0,0.25,0.6,0.333333333333333,0.333333333333333,19,2,1,1,2,3,4,1,2,2,4,2,3,2,3,3,2,3,1,2,2,2,3,3,3,2,1,2,1,3,1,4,1,1,2,0.166666666666667,0.5,NA,NA,NA,NA,NA,NA,NA,NA,NA,NA,NA,NA,NA,NA,NA,NA,NA,NA,NA,NA,NA,NA,NA,NA,NA,NA,NA,NA,NA,NA,NA,NA,NA,NA,NA,NA,NA,NA,NA,NA,NA,NA
"201",201,9655,1,0.666666666666667,1,0.666666666666667,0.333333333333333,1,1,0.916666666666667,0.833333333333333,19,1,7,3,2,1,4,1,1,1,2,4,4,4,4,3,4,1,1,1,1,1,1,2,2,2,4,2,2,3,1,3,3,3,3,1,0.666666666666667,183,1,1,1,0.666666666666667,0.666666666666667,1,1,0.833333333333333,0.916666666666667,19,1,7,1,1,2,4,3,3,4,4,4,1,1,1,1,1,1,2,2,2,3,2,2,3,3,3,3,3,3,1,0.833333333333333
"202",202,9661,0.666666666666667,0.666666666666667,0.666666666666667,0.333333333333333,0.666666666666667,0.5,0.6,0.5,0.583333333333333,18,2,2,1,4,3,2,1,2,1,4,2,4,2,2,2,2,1,1,3,1,3,3,1,4,4,1,4,2,2,1,2,2,1,4,0.5,0.666666666666667,184,0,0.666666666666667,0.333333333333333,0,0,0.25,0.4,0.333333333333333,0.25,18,2,2,2,1,4,2,2,2,4,1,1,3,1,4,1,3,3,1,1,1,1,2,4,4,3,2,4,3,3,0.166666666666667,0.333333333333333
"203",203,9700,0.666666666666667,0.666666666666667,0.666666666666667,0.333333333333333,0.666666666666667,0.5,0.6,0.333333333333333,0.583333333333333,19,2,2,2,3,4,1,1,2,2,3,3,3,1,3,3,1,2,1,2,4,1,2,1,4,1,4,2,1,4,4,1,2,2,2,0.666666666666667,0.5,185,0,0.666666666666667,0,0,0.333333333333333,0.25,0,0.25,0.166666666666667,19,2,2,1,2,3,3,2,4,1,3,1,2,2,4,3,1,2,1,2,2,4,2,1,1,3,4,1,1,4,0.166666666666667,0.166666666666667
"204",204,9774,1,0.666666666666667,1,1,1,0.75,1,0.666666666666667,0.916666666666667,20,2,1,3,4,1,2,1,1,2,2,4,3,4,4,4,4,1,3,1,1,1,1,2,2,3,2,2,1,3,3,1,3,3,3,0.833333333333333,1,186,0.666666666666667,0.666666666666667,0.666666666666667,0.333333333333333,1,0.5,0.4,0.5,0.583333333333333,20,2,1,1,2,2,4,3,4,4,4,3,1,3,1,2,3,1,2,2,3,2,2,2,2,1,1,2,3,1,0.5,0.666666666666667
"205",205,9796,0.333333333333333,0.666666666666667,0,0.666666666666667,0.666666666666667,0.25,0.4,0.166666666666667,0.416666666666667,18,2,2,3,4,1,2,1,1,2,2,3,2,3,3,4,3,3,4,4,1,1,3,1,2,3,2,3,4,4,3,2,2,4,3,0.333333333333333,0.5,187,0,0,0.666666666666667,0,0,0,0.4,0.333333333333333,0.166666666666667,18,2,2,1,2,2,3,3,4,3,2,3,4,3,4,2,3,1,3,2,2,4,1,4,4,3,4,3,4,1,0,0.333333333333333
"206",206,9890,0,0.333333333333333,0.333333333333333,0.333333333333333,0.333333333333333,0.25,0.2,0.416666666666667,0.25,20,2,1,4,1,2,3,1,1,2,1,1,4,2,2,2,4,4,4,4,1,1,2,3,3,3,3,2,3,3,4,2,1,2,1,0.166666666666667,0.333333333333333,188,0,0,0.333333333333333,0,0,0,0.2,0.333333333333333,0.0833333333333333,20,2,1,1,2,1,2,4,2,3,4,4,1,2,3,4,4,1,3,3,2,1,2,1,3,1,4,4,3,2,0,0.166666666666667
"207",207,9928,0.666666666666667,0.666666666666667,0.666666666666667,0.666666666666667,0.333333333333333,0.75,0.8,0.416666666666667,0.666666666666667,19,2,6,1,2,3,4,1,2,2,4,2,1,3,3,3,3,4,2,2,3,3,2,4,2,4,4,4,4,1,4,1,1,1,1,0.666666666666667,0.666666666666667,189,1,0,0.333333333333333,0,0.333333333333333,0.25,0.4,0.333333333333333,0.333333333333333,19,2,6,2,2,4,3,3,2,2,3,4,2,2,3,2,4,4,3,3,2,2,4,1,1,1,4,3,1,1,0.5,0.166666666666667
"208",208,9942,0.333333333333333,0,0.666666666666667,0.666666666666667,0.333333333333333,0.5,0.4,0.666666666666667,0.416666666666667,18,2,5,1,2,3,4,1,2,2,4,4,2,2,4,1,4,3,3,3,3,2,3,4,2,4,4,4,1,1,2,2,1,2,2,0.333333333333333,0.5,190,1,0.666666666666667,0.666666666666667,1,1,0.75,0.8,0.583333333333333,0.833333333333333,18,2,6,2,2,4,2,1,1,2,2,2,3,3,4,3,3,3,4,2,4,4,4,3,2,1,1,2,1,1,0.833333333333333,0.833333333333333
"209",209,9943,0,0.333333333333333,0.333333333333333,0.333333333333333,0,0.25,0.4,0.25,0.25,17,1,2,2,2,1,4,0.75,1,1,2,4,1,3,2,3,4,4,2,3,4,1,1,2,4,3,1,3,3,3,4,1,1,1,1,0.166666666666667,0.333333333333333,191,0,0.333333333333333,0.333333333333333,0,0,0,0.4,0.0833333333333333,0.166666666666667,17,1,2,1,1,2,3,2,3,2,1,1,2,3,3,4,1,1,1,2,1,1,4,4,4,2,4,1,1,1,0,0.333333333333333
"210",210,9984,0,0.333333333333333,0,0.333333333333333,0,0.5,0,0.0833333333333333,0.166666666666667,18,2,2,4,3,2,1,1,2,1,3,2,2,4,2,2,4,2,3,1,4,3,1,2,1,4,3,4,1,4,1,1,3,3,3,0.333333333333333,0,192,0.333333333333333,0.666666666666667,0,0,0,0.5,0.2,0.25,0.25,18,2,2,2,1,3,3,3,4,2,2,2,1,3,2,1,4,1,3,4,1,2,1,1,4,3,4,3,3,1,0.333333333333333,0.166666666666667
"211",211,310436,0.666666666666667,1,1,0.666666666666667,1,0.5,1,0.583333333333333,0.833333333333333,18,1,7,2,1,4,3,1,1,1,1,3,2,2,1,1,4,2,2,2,2,2,2,3,3,1,3,1,3,4,2,4,4,4,4,0.666666666666667,1,193,0.333333333333333,0.666666666666667,0.666666666666667,0.333333333333333,0.333333333333333,0.25,0.8,0.333333333333333,0.5,18,1,6,1,1,1,4,2,4,3,1,2,4,1,1,2,2,3,3,3,2,2,1,1,4,4,1,4,4,4,0.333333333333333,0.666666666666667
"212",212,6809941,1,0.666666666666667,1,0.666666666666667,0.666666666666667,1,0.8,0.666666666666667,0.833333333333333,18,2,1,1,2,3,4,1,2,2,4,2,3,1,2,2,2,3,3,4,3,2,3,4,4,3,3,4,4,1,1,1,1,1,1,1,0.666666666666667,194,0.333333333333333,0.666666666666667,1,0.333333333333333,0.333333333333333,0.75,0.6,0.666666666666667,0.583333333333333,18,2,1,2,2,4,3,3,2,4,2,4,1,3,4,3,2,3,4,4,4,3,4,4,1,1,1,1,1,3,0.5,0.666666666666667
